[
    {
		"model": "app.user",
		"pk": "basu",
		"fields": {
			"email_id": "basu@coder.com",
			"type": "R",
			"first_name": "Abinaba",
			"last_name": "Basu",
			"address": "laknfk;ana"
		}
	},
	{
		"model": "app.user",
		"pk": "ching",
		"fields": {
			"email_id": "chng@iiita.ac.in",
			"type": "R",
			"first_name": "Ching",
			"last_name": "Chong",
			"address": "Tokyo central, Tokyo, Japan"
		}
	},
	{
		"model": "app.user",
		"pk": "gcnandi",
		"fields": {
			"email_id": "gcnandi@iiita.ac.in",
			"type": "D",
			"first_name": "G C",
			"last_name": "Nandi",
			"address": "Admin block IIITA, Jhalwa, Allahabad"
		}
	},
	{
		"model": "app.user",
		"pk": "ichigo",
		"fields": {
			"email_id": "ichigo@gmail.com",
			"type": "R",
			"first_name": "Kurosaki",
			"last_name": "Ichigo",
			"address": "jksfjdl"
		}
	},
	{
		"model": "app.user",
		"pk": "naruto",
		"fields": {
			"email_id": "naruto@konoha.com",
			"type": "R",
			"first_name": "Naruto",
			"last_name": "Uzumaki",
			"address": "konoha"
		}
	},
	{
		"model": "app.user",
		"pk": "pavan",
		"fields": {
			"email_id": "pavan@iiita.ac.in",
			"type": "G",
			"first_name": "Pavan",
			"last_name": "Chakraborthy",
			"address": "CC2 IIITA, Jhalwa, Allahabad"
		}
	},
	{
		"model": "app.user",
		"pk": "rahul",
		"fields": {
			"email_id": "rahul@iiita.ac.in",
			"type": "G",
			"first_name": "Rahul",
			"last_name": "Kala",
			"address": "CC1 IIITA, Jhalwa, Allahabad"
		}
	},
	{
		"model": "app.user",
		"pk": "ranjana",
		"fields": {
			"email_id": "ranjana@iiita.ac.in",
			"type": "G",
			"first_name": "Ranjana",
			"last_name": "Vyas",
			"address": "CC3 IIITA, Jhalwa, Allahabad"
		}
	},
	{
		"model": "app.user",
		"pk": "rit2013003",
		"fields": {
			"email_id": "rit2013003@iiita.ac.in",
			"type": "S",
			"first_name": "Shanmukh",
			"last_name": "Dundigalla",
			"address": "Somajuguda, Banjara Hills, Hyderabad"
		}
	},
	{
		"model": "app.user",
		"pk": "rit2013038",
		"fields": {
			"email_id": "rit2013038@iiita.ac.in",
			"type": "S",
			"first_name": "Akshay",
			"last_name": "Chilagani",
			"address": "Hasanparthy, Warangal"
		}
	},
	{
		"model": "app.user",
		"pk": "rit2013063",
		"fields": {
			"email_id": "rit2013063@iiita.ac.in",
			"type": "S",
			"first_name": "Vamsi",
			"last_name": "Sangam",
			"address": "45-50-12, Abidnagar, Akkayyapalem"
		}
	},
	{
		"model": "app.user",
		"pk": "vkc",
		"fields": {
			"email_id": "vkc@iiita.ac.in",
			"type": "G",
			"first_name": "Vijay K",
			"last_name": "Chaurasia",
			"address": "Admin block IIITA, Jhalwa, Allahabad"
		}
	},
	{
		"model": "app.referees",
		"pk": 1,
		"fields": {
			"user": "basu",
			"type": "I"
		}
	},
	{
		"model": "app.referees",
		"pk": 2,
		"fields": {
			"user": "naruto",
			"type": "F"
		}
	},
	{
		"model": "app.referees",
		"pk": 3,
		"fields": {
			"user": "ichigo",
			"type": "F"
		}
	},
	{
		"model": "app.referees",
		"pk": 4,
		"fields": {
			"user": "ching",
			"type": "F"
		}
	},
	{
		"model": "app.statustypes",
		"pk": 1,
		"fields": {
			"status_message": "Yet to select a guide"
		}
	},
	{
		"model": "app.statustypes",
		"pk": 2,
		"fields": {
			"status_message": "Guide selected, waiting for approval"
		}
	},
	{
		"model": "app.statustypes",
		"pk": 3,
		"fields": {
			"status_message": "Guide accepted to mentor you"
		}
	},
	{
		"model": "app.statustypes",
		"pk": 4,
		"fields": {
			"status_message": "Co-guide accepted to mentor you"
		}
	},
	{
		"model": "app.statustypes",
		"pk": 5,
		"fields": {
			"status_message": "Yet to submit PhD abstract"
		}
	},
	{
		"model": "app.statustypes",
		"pk": 6,
		"fields": {
			"status_message": "PhD abstract submitted, waiting for approval"
		}
	},
	{
		"model": "app.statustypes",
		"pk": 7,
		"fields": {
			"status_message": "PhD abstract approved by Co-guide"
		}
	},
	{
		"model": "app.statustypes",
		"pk": 8,
		"fields": {
			"status_message": "PhD abstract approved by Guide"
		}
	},
	{
		"model": "app.statustypes",
		"pk": 9,
		"fields": {
			"status_message": "Yet to submit PhD synopsis document"
		}
	},
	{
		"model": "app.statustypes",
		"pk": 10,
		"fields": {
			"status_message": "PhD synopsis submitted, waiting for approval"
		}
	},
	{
		"model": "app.statustypes",
		"pk": 11,
		"fields": {
			"status_message": "PhD synopsis approved by Co-guide"
		}
	},
	{
		"model": "app.statustypes",
		"pk": 12,
		"fields": {
			"status_message": "PhD synopsis approved by Guide"
		}
	},
	{
		"model": "app.statustypes",
		"pk": 13,
		"fields": {
			"status_message": "Yet to submit PhD thesis document"
		}
	},
	{
		"model": "app.statustypes",
		"pk": 14,
		"fields": {
			"status_message": "PhD thesis submitted, waiting for approval"
		}
	},
	{
		"model": "app.statustypes",
		"pk": 15,
		"fields": {
			"status_message": "PhD thesis approved by Co-guide"
		}
	},
	{
		"model": "app.statustypes",
		"pk": 16,
		"fields": {
			"status_message": "PhD thesis approved by Guide"
		}
	},
	{
		"model": "app.statustypes",
		"pk": 17,
		"fields": {
			"status_message": "Dummy"
		}
	},
	{
		"model": "app.statustypes",
		"pk": 18,
		"fields": {
			"status_message": "Dummy"
		}
	},
	{
		"model": "app.statustypes",
		"pk": 19,
		"fields": {
			"status_message": "Dummy"
		}
	},
	{
		"model": "app.statustypes",
		"pk": 20,
		"fields": {
			"status_message": "Dummy"
		}
	},
	{
		"model": "app.statustypes",
		"pk": 21,
		"fields": {
			"status_message": "Dummy"
		}
	},
	{
		"model": "app.thesis",
		"pk": 2,
		"fields": {
			"username": "rit2013063",
			"title": "GPS Clustering",
			"abstract": "Global postitioning system based clustering.",
			"synopsis": "Synopsis/GPS_iOfVi47.pdf",
			"thesis": "Thesis/Microsoft-Streamlined-Certification-Paths.pdf",
			"status": 16
		}
	},
	{
		"model": "app.thesis",
		"pk": 3,
		"fields": {
			"username": "rit2013038",
			"title": "Shipment Mining",
			"abstract": "Data mining on shipment data to extract user shopping patterns",
			"synopsis": "Synopsis/LBG.pdf",
			"thesis": "",
			"status": 19
		}
	},
	{
		"model": "app.thesis",
		"pk": 4,
		"fields": {
			"username": "rit2013003",
			"title": "Walking pattern security",
			"abstract": "Authenticate a user based on analysis from observing his/her walking patterns.",
			"synopsis": "",
			"thesis": "",
			"status": 19
		}
	},
	{
		"model": "app.thesisguides",
		"pk": 3,
		"fields": {
			"thesis_id": 2,
			"guide_username": "pavan",
			"type": "G"
		}
	},
	{
		"model": "app.thesisguides",
		"pk": 4,
		"fields": {
			"thesis_id": 2,
			"guide_username": "rahul",
			"type": "C"
		}
	},
	{
		"model": "app.thesisguides",
		"pk": 5,
		"fields": {
			"thesis_id": 2,
			"guide_username": "ranjana",
			"type": "C"
		}
	},
	{
		"model": "app.thesisguides",
		"pk": 6,
		"fields": {
			"thesis_id": 3,
			"guide_username": "vkc",
			"type": "G"
		}
	},
	{
		"model": "app.thesisguides",
		"pk": 7,
		"fields": {
			"thesis_id": 3,
			"guide_username": "ranjana",
			"type": "G"
		}
	},
	{
		"model": "app.thesisguides",
		"pk": 8,
		"fields": {
			"thesis_id": 4,
			"guide_username": "rahul",
			"type": "G"
		}
	},
	{
		"model": "app.thesisguides",
		"pk": 9,
		"fields": {
			"thesis_id": 4,
			"guide_username": "pavan",
			"type": "G"
		}
	},
	{
		"model": "app.thesisguides",
		"pk": 10,
		"fields": {
			"thesis_id": 4,
			"guide_username": "vkc",
			"type": "C"
		}
	},
	{
		"model": "app.ieeekeywords",
		"pk": 1,
		"fields": {
			"keyword": "Aerospace and electronic systems",
			"parent_keyword_id": null
		}
	},
	{
		"model": "app.ieeekeywords",
		"pk": 2,
		"fields": {
			"keyword": "Aerospace control",
			"parent_keyword_id": 1
		}
	},
	{
		"model": "app.ieeekeywords",
		"pk": 3,
		"fields": {
			"keyword": "Air traffic control",
			"parent_keyword_id": 2
		}
	},
	{
		"model": "app.ieeekeywords",
		"pk": 4,
		"fields": {
			"keyword": "Attitude control",
			"parent_keyword_id": 2
		}
	},
	{
		"model": "app.ieeekeywords",
		"pk": 5,
		"fields": {
			"keyword": "Ground support",
			"parent_keyword_id": 2
		}
	},
	{
		"model": "app.ieeekeywords",
		"pk": 6,
		"fields": {
			"keyword": "Aerospace engineering",
			"parent_keyword_id": 1
		}
	},
	{
		"model": "app.ieeekeywords",
		"pk": 7,
		"fields": {
			"keyword": "Aerospace biophysics",
			"parent_keyword_id": 6
		}
	},
	{
		"model": "app.ieeekeywords",
		"pk": 8,
		"fields": {
			"keyword": "Aerospace electronics",
			"parent_keyword_id": 6
		}
	},
	{
		"model": "app.ieeekeywords",
		"pk": 9,
		"fields": {
			"keyword": "Aerospace safety",
			"parent_keyword_id": 6
		}
	},
	{
		"model": "app.ieeekeywords",
		"pk": 10,
		"fields": {
			"keyword": "Air safety",
			"parent_keyword_id": 9
		}
	},
	{
		"model": "app.ieeekeywords",
		"pk": 11,
		"fields": {
			"keyword": "Aerospace simulation",
			"parent_keyword_id": 6
		}
	},
	{
		"model": "app.ieeekeywords",
		"pk": 12,
		"fields": {
			"keyword": "Aerospace testing",
			"parent_keyword_id": 6
		}
	},
	{
		"model": "app.ieeekeywords",
		"pk": 13,
		"fields": {
			"keyword": "Satellites",
			"parent_keyword_id": 6
		}
	},
	{
		"model": "app.ieeekeywords",
		"pk": 14,
		"fields": {
			"keyword": "Artificial satellites",
			"parent_keyword_id": 13
		}
	},
	{
		"model": "app.ieeekeywords",
		"pk": 15,
		"fields": {
			"keyword": "Earth Observing System",
			"parent_keyword_id": 13
		}
	},
	{
		"model": "app.ieeekeywords",
		"pk": 16,
		"fields": {
			"keyword": "Low earth orbit satellites",
			"parent_keyword_id": 13
		}
	},
	{
		"model": "app.ieeekeywords",
		"pk": 17,
		"fields": {
			"keyword": "Moon",
			"parent_keyword_id": 13
		}
	},
	{
		"model": "app.ieeekeywords",
		"pk": 18,
		"fields": {
			"keyword": "Space stations",
			"parent_keyword_id": 13
		}
	},
	{
		"model": "app.ieeekeywords",
		"pk": 19,
		"fields": {
			"keyword": "Space technology",
			"parent_keyword_id": 6
		}
	},
	{
		"model": "app.ieeekeywords",
		"pk": 20,
		"fields": {
			"keyword": "Space exploration",
			"parent_keyword_id": 19
		}
	},
	{
		"model": "app.ieeekeywords",
		"pk": 21,
		"fields": {
			"keyword": "Aerospace materials",
			"parent_keyword_id": 1
		}
	},
	{
		"model": "app.ieeekeywords",
		"pk": 22,
		"fields": {
			"keyword": "Aerospace components",
			"parent_keyword_id": 21
		}
	},
	{
		"model": "app.ieeekeywords",
		"pk": 23,
		"fields": {
			"keyword": "Aircraft manufacture",
			"parent_keyword_id": 1
		}
	},
	{
		"model": "app.ieeekeywords",
		"pk": 24,
		"fields": {
			"keyword": "Aircraft navigation",
			"parent_keyword_id": 1
		}
	},
	{
		"model": "app.ieeekeywords",
		"pk": 25,
		"fields": {
			"keyword": "Aircraft propulsion",
			"parent_keyword_id": 1
		}
	},
	{
		"model": "app.ieeekeywords",
		"pk": 26,
		"fields": {
			"keyword": "Propellers",
			"parent_keyword_id": 25
		}
	},
	{
		"model": "app.ieeekeywords",
		"pk": 27,
		"fields": {
			"keyword": "Command and control systems",
			"parent_keyword_id": 1
		}
	},
	{
		"model": "app.ieeekeywords",
		"pk": 28,
		"fields": {
			"keyword": "Electronic warfare",
			"parent_keyword_id": 1
		}
	},
	{
		"model": "app.ieeekeywords",
		"pk": 29,
		"fields": {
			"keyword": "Electronic countermeasures",
			"parent_keyword_id": 28
		}
	},
	{
		"model": "app.ieeekeywords",
		"pk": 30,
		"fields": {
			"keyword": "Jamming",
			"parent_keyword_id": 28
		}
	},
	{
		"model": "app.ieeekeywords",
		"pk": 31,
		"fields": {
			"keyword": "Radar countermeasures",
			"parent_keyword_id": 28
		}
	},
	{
		"model": "app.ieeekeywords",
		"pk": 32,
		"fields": {
			"keyword": "Military equipment",
			"parent_keyword_id": 1
		}
	},
	{
		"model": "app.ieeekeywords",
		"pk": 33,
		"fields": {
			"keyword": "Military aircraft",
			"parent_keyword_id": 32
		}
	},
	{
		"model": "app.ieeekeywords",
		"pk": 34,
		"fields": {
			"keyword": "Payloads",
			"parent_keyword_id": 33
		}
	},
	{
		"model": "app.ieeekeywords",
		"pk": 35,
		"fields": {
			"keyword": "Military satellites",
			"parent_keyword_id": 32
		}
	},
	{
		"model": "app.ieeekeywords",
		"pk": 36,
		"fields": {
			"keyword": "Weapons",
			"parent_keyword_id": 32
		}
	},
	{
		"model": "app.ieeekeywords",
		"pk": 37,
		"fields": {
			"keyword": "Guns",
			"parent_keyword_id": 36
		}
	},
	{
		"model": "app.ieeekeywords",
		"pk": 38,
		"fields": {
			"keyword": "Missiles",
			"parent_keyword_id": 36
		}
	},
	{
		"model": "app.ieeekeywords",
		"pk": 39,
		"fields": {
			"keyword": "Nuclear weapons",
			"parent_keyword_id": 36
		}
	},
	{
		"model": "app.ieeekeywords",
		"pk": 40,
		"fields": {
			"keyword": "Projectiles",
			"parent_keyword_id": 36
		}
	},
	{
		"model": "app.ieeekeywords",
		"pk": 41,
		"fields": {
			"keyword": "Radar",
			"parent_keyword_id": 1
		}
	},
	{
		"model": "app.ieeekeywords",
		"pk": 42,
		"fields": {
			"keyword": "Airborne radar",
			"parent_keyword_id": 41
		}
	},
	{
		"model": "app.ieeekeywords",
		"pk": 43,
		"fields": {
			"keyword": "Bistatic radar",
			"parent_keyword_id": 41
		}
	},
	{
		"model": "app.ieeekeywords",
		"pk": 44,
		"fields": {
			"keyword": "Doppler radar",
			"parent_keyword_id": 41
		}
	},
	{
		"model": "app.ieeekeywords",
		"pk": 45,
		"fields": {
			"keyword": "Ground penetrating radar",
			"parent_keyword_id": 41
		}
	},
	{
		"model": "app.ieeekeywords",
		"pk": 46,
		"fields": {
			"keyword": "Laser radar",
			"parent_keyword_id": 41
		}
	},
	{
		"model": "app.ieeekeywords",
		"pk": 47,
		"fields": {
			"keyword": "Meteorological radar",
			"parent_keyword_id": 41
		}
	},
	{
		"model": "app.ieeekeywords",
		"pk": 48,
		"fields": {
			"keyword": "Millimeter wave radar",
			"parent_keyword_id": 41
		}
	},
	{
		"model": "app.ieeekeywords",
		"pk": 49,
		"fields": {
			"keyword": "Multistatic radar",
			"parent_keyword_id": 41
		}
	},
	{
		"model": "app.ieeekeywords",
		"pk": 50,
		"fields": {
			"keyword": "MIMO radar",
			"parent_keyword_id": 49
		}
	},
	{
		"model": "app.ieeekeywords",
		"pk": 51,
		"fields": {
			"keyword": "Passive radar",
			"parent_keyword_id": 41
		}
	},
	{
		"model": "app.ieeekeywords",
		"pk": 52,
		"fields": {
			"keyword": "Radar applications",
			"parent_keyword_id": 41
		}
	},
	{
		"model": "app.ieeekeywords",
		"pk": 53,
		"fields": {
			"keyword": "Radar countermeasures",
			"parent_keyword_id": 52
		}
	},
	{
		"model": "app.ieeekeywords",
		"pk": 54,
		"fields": {
			"keyword": "Radar detection",
			"parent_keyword_id": 52
		}
	},
	{
		"model": "app.ieeekeywords",
		"pk": 55,
		"fields": {
			"keyword": "Radar imaging",
			"parent_keyword_id": 52
		}
	},
	{
		"model": "app.ieeekeywords",
		"pk": 56,
		"fields": {
			"keyword": "Radar measurements",
			"parent_keyword_id": 52
		}
	},
	{
		"model": "app.ieeekeywords",
		"pk": 57,
		"fields": {
			"keyword": "Radar polarimetry",
			"parent_keyword_id": 52
		}
	},
	{
		"model": "app.ieeekeywords",
		"pk": 58,
		"fields": {
			"keyword": "Radar remote sensing",
			"parent_keyword_id": 52
		}
	},
	{
		"model": "app.ieeekeywords",
		"pk": 59,
		"fields": {
			"keyword": "Radar tracking",
			"parent_keyword_id": 52
		}
	},
	{
		"model": "app.ieeekeywords",
		"pk": 60,
		"fields": {
			"keyword": "Radar clutter",
			"parent_keyword_id": 41
		}
	},
	{
		"model": "app.ieeekeywords",
		"pk": 61,
		"fields": {
			"keyword": "Radar cross-sections",
			"parent_keyword_id": 41
		}
	},
	{
		"model": "app.ieeekeywords",
		"pk": 62,
		"fields": {
			"keyword": "Radar equipment",
			"parent_keyword_id": 41
		}
	},
	{
		"model": "app.ieeekeywords",
		"pk": 63,
		"fields": {
			"keyword": "Radar theory",
			"parent_keyword_id": 41
		}
	},
	{
		"model": "app.ieeekeywords",
		"pk": 64,
		"fields": {
			"keyword": "Spaceborne radar",
			"parent_keyword_id": 41
		}
	},
	{
		"model": "app.ieeekeywords",
		"pk": 65,
		"fields": {
			"keyword": "Spread spectrum radar",
			"parent_keyword_id": 41
		}
	},
	{
		"model": "app.ieeekeywords",
		"pk": 66,
		"fields": {
			"keyword": "Synthetic aperture radar",
			"parent_keyword_id": 41
		}
	},
	{
		"model": "app.ieeekeywords",
		"pk": 67,
		"fields": {
			"keyword": "Inverse synthetic aperture radar",
			"parent_keyword_id": 66
		}
	},
	{
		"model": "app.ieeekeywords",
		"pk": 68,
		"fields": {
			"keyword": "Polarimetric synthetic aperture radar",
			"parent_keyword_id": 66
		}
	},
	{
		"model": "app.ieeekeywords",
		"pk": 69,
		"fields": {
			"keyword": "Ultra wideband radar",
			"parent_keyword_id": 41
		}
	},
	{
		"model": "app.ieeekeywords",
		"pk": 70,
		"fields": {
			"keyword": "Sensor systems",
			"parent_keyword_id": 1
		}
	},
	{
		"model": "app.ieeekeywords",
		"pk": 71,
		"fields": {
			"keyword": "Gunshot detection systems",
			"parent_keyword_id": 70
		}
	},
	{
		"model": "app.ieeekeywords",
		"pk": 72,
		"fields": {
			"keyword": "Sonar",
			"parent_keyword_id": 1
		}
	},
	{
		"model": "app.ieeekeywords",
		"pk": 73,
		"fields": {
			"keyword": "Sonar applications",
			"parent_keyword_id": 72
		}
	},
	{
		"model": "app.ieeekeywords",
		"pk": 74,
		"fields": {
			"keyword": "Sonar detection",
			"parent_keyword_id": 73
		}
	},
	{
		"model": "app.ieeekeywords",
		"pk": 75,
		"fields": {
			"keyword": "Sonar measurements",
			"parent_keyword_id": 73
		}
	},
	{
		"model": "app.ieeekeywords",
		"pk": 76,
		"fields": {
			"keyword": "Sonar equipment",
			"parent_keyword_id": 72
		}
	},
	{
		"model": "app.ieeekeywords",
		"pk": 77,
		"fields": {
			"keyword": "Synthetic aperture sonar",
			"parent_keyword_id": 72
		}
	},
	{
		"model": "app.ieeekeywords",
		"pk": 78,
		"fields": {
			"keyword": "Telemetry",
			"parent_keyword_id": 1
		}
	},
	{
		"model": "app.ieeekeywords",
		"pk": 79,
		"fields": {
			"keyword": "Biomedical telemetry",
			"parent_keyword_id": 78
		}
	},
	{
		"model": "app.ieeekeywords",
		"pk": 80,
		"fields": {
			"keyword": "Antennas and propagation",
			"parent_keyword_id": null
		}
	},
	{
		"model": "app.ieeekeywords",
		"pk": 81,
		"fields": {
			"keyword": "Antennas",
			"parent_keyword_id": 80
		}
	},
	{
		"model": "app.ieeekeywords",
		"pk": 82,
		"fields": {
			"keyword": "Antenna accessories",
			"parent_keyword_id": 81
		}
	},
	{
		"model": "app.ieeekeywords",
		"pk": 83,
		"fields": {
			"keyword": "Antenna arrays",
			"parent_keyword_id": 81
		}
	},
	{
		"model": "app.ieeekeywords",
		"pk": 84,
		"fields": {
			"keyword": "Adaptive arrays",
			"parent_keyword_id": 83
		}
	},
	{
		"model": "app.ieeekeywords",
		"pk": 85,
		"fields": {
			"keyword": "Butler matrices",
			"parent_keyword_id": 83
		}
	},
	{
		"model": "app.ieeekeywords",
		"pk": 86,
		"fields": {
			"keyword": "Linear antenna arrays",
			"parent_keyword_id": 83
		}
	},
	{
		"model": "app.ieeekeywords",
		"pk": 87,
		"fields": {
			"keyword": "Log periodic antennas",
			"parent_keyword_id": 83
		}
	},
	{
		"model": "app.ieeekeywords",
		"pk": 88,
		"fields": {
			"keyword": "Microstrip antenna arrays",
			"parent_keyword_id": 83
		}
	},
	{
		"model": "app.ieeekeywords",
		"pk": 89,
		"fields": {
			"keyword": "Microwave antenna arrays",
			"parent_keyword_id": 83
		}
	},
	{
		"model": "app.ieeekeywords",
		"pk": 90,
		"fields": {
			"keyword": "Phased arrays",
			"parent_keyword_id": 83
		}
	},
	{
		"model": "app.ieeekeywords",
		"pk": 91,
		"fields": {
			"keyword": "Planar arrays",
			"parent_keyword_id": 83
		}
	},
	{
		"model": "app.ieeekeywords",
		"pk": 92,
		"fields": {
			"keyword": "Antenna radiation patterns",
			"parent_keyword_id": 81
		}
	},
	{
		"model": "app.ieeekeywords",
		"pk": 93,
		"fields": {
			"keyword": "Near-field radiation pattern",
			"parent_keyword_id": 92
		}
	},
	{
		"model": "app.ieeekeywords",
		"pk": 94,
		"fields": {
			"keyword": "Antenna theory",
			"parent_keyword_id": 81
		}
	},
	{
		"model": "app.ieeekeywords",
		"pk": 95,
		"fields": {
			"keyword": "Frequency selective surfaces",
			"parent_keyword_id": 94
		}
	},
	{
		"model": "app.ieeekeywords",
		"pk": 96,
		"fields": {
			"keyword": "Apertures",
			"parent_keyword_id": 81
		}
	},
	{
		"model": "app.ieeekeywords",
		"pk": 97,
		"fields": {
			"keyword": "Aperture antennas",
			"parent_keyword_id": 96
		}
	},
	{
		"model": "app.ieeekeywords",
		"pk": 98,
		"fields": {
			"keyword": "Aperture coupled antennas",
			"parent_keyword_id": 96
		}
	},
	{
		"model": "app.ieeekeywords",
		"pk": 99,
		"fields": {
			"keyword": "Broadband antennas",
			"parent_keyword_id": 81
		}
	},
	{
		"model": "app.ieeekeywords",
		"pk": 100,
		"fields": {
			"keyword": "Ultra wideband antennas",
			"parent_keyword_id": 99
		}
	},
	{
		"model": "app.ieeekeywords",
		"pk": 101,
		"fields": {
			"keyword": "Vivaldi antennas",
			"parent_keyword_id": 99
		}
	},
	{
		"model": "app.ieeekeywords",
		"pk": 102,
		"fields": {
			"keyword": "Dielectric resonator antennas",
			"parent_keyword_id": 81
		}
	},
	{
		"model": "app.ieeekeywords",
		"pk": 103,
		"fields": {
			"keyword": "Dipole antennas",
			"parent_keyword_id": 81
		}
	},
	{
		"model": "app.ieeekeywords",
		"pk": 104,
		"fields": {
			"keyword": "Directional antennas",
			"parent_keyword_id": 81
		}
	},
	{
		"model": "app.ieeekeywords",
		"pk": 105,
		"fields": {
			"keyword": "Directive antennas",
			"parent_keyword_id": 81
		}
	},
	{
		"model": "app.ieeekeywords",
		"pk": 106,
		"fields": {
			"keyword": "Feeds",
			"parent_keyword_id": 81
		}
	},
	{
		"model": "app.ieeekeywords",
		"pk": 107,
		"fields": {
			"keyword": "Antenna feeds",
			"parent_keyword_id": 106
		}
	},
	{
		"model": "app.ieeekeywords",
		"pk": 108,
		"fields": {
			"keyword": "Fractal antennas",
			"parent_keyword_id": 81
		}
	},
	{
		"model": "app.ieeekeywords",
		"pk": 109,
		"fields": {
			"keyword": "Helical antennas",
			"parent_keyword_id": 81
		}
	},
	{
		"model": "app.ieeekeywords",
		"pk": 110,
		"fields": {
			"keyword": "Horn antennas",
			"parent_keyword_id": 81
		}
	},
	{
		"model": "app.ieeekeywords",
		"pk": 111,
		"fields": {
			"keyword": "Leaky wave antennas",
			"parent_keyword_id": 81
		}
	},
	{
		"model": "app.ieeekeywords",
		"pk": 112,
		"fields": {
			"keyword": "Loaded antennas",
			"parent_keyword_id": 81
		}
	},
	{
		"model": "app.ieeekeywords",
		"pk": 113,
		"fields": {
			"keyword": "Log-periodic dipole antennas",
			"parent_keyword_id": 81
		}
	},
	{
		"model": "app.ieeekeywords",
		"pk": 114,
		"fields": {
			"keyword": "Microstrip antennas",
			"parent_keyword_id": 81
		}
	},
	{
		"model": "app.ieeekeywords",
		"pk": 115,
		"fields": {
			"keyword": "Microwave antennas",
			"parent_keyword_id": 81
		}
	},
	{
		"model": "app.ieeekeywords",
		"pk": 116,
		"fields": {
			"keyword": "Mobile antennas",
			"parent_keyword_id": 81
		}
	},
	{
		"model": "app.ieeekeywords",
		"pk": 117,
		"fields": {
			"keyword": "Multifrequency antennas",
			"parent_keyword_id": 81
		}
	},
	{
		"model": "app.ieeekeywords",
		"pk": 118,
		"fields": {
			"keyword": "Omnidirectional antennas",
			"parent_keyword_id": 81
		}
	},
	{
		"model": "app.ieeekeywords",
		"pk": 119,
		"fields": {
			"keyword": "Patch antennas",
			"parent_keyword_id": 81
		}
	},
	{
		"model": "app.ieeekeywords",
		"pk": 120,
		"fields": {
			"keyword": "Radar antennas",
			"parent_keyword_id": 81
		}
	},
	{
		"model": "app.ieeekeywords",
		"pk": 121,
		"fields": {
			"keyword": "Receiving antennas",
			"parent_keyword_id": 81
		}
	},
	{
		"model": "app.ieeekeywords",
		"pk": 122,
		"fields": {
			"keyword": "Rectennas",
			"parent_keyword_id": 81
		}
	},
	{
		"model": "app.ieeekeywords",
		"pk": 123,
		"fields": {
			"keyword": "Reflector antennas",
			"parent_keyword_id": 81
		}
	},
	{
		"model": "app.ieeekeywords",
		"pk": 124,
		"fields": {
			"keyword": "Satellite antennas",
			"parent_keyword_id": 81
		}
	},
	{
		"model": "app.ieeekeywords",
		"pk": 125,
		"fields": {
			"keyword": "Slot antennas",
			"parent_keyword_id": 81
		}
	},
	{
		"model": "app.ieeekeywords",
		"pk": 126,
		"fields": {
			"keyword": "Transmission line antennas",
			"parent_keyword_id": 81
		}
	},
	{
		"model": "app.ieeekeywords",
		"pk": 127,
		"fields": {
			"keyword": "Transmitting antennas",
			"parent_keyword_id": 81
		}
	},
	{
		"model": "app.ieeekeywords",
		"pk": 128,
		"fields": {
			"keyword": "UHF antennas",
			"parent_keyword_id": 81
		}
	},
	{
		"model": "app.ieeekeywords",
		"pk": 129,
		"fields": {
			"keyword": "Yagi-Uda antennas",
			"parent_keyword_id": 81
		}
	},
	{
		"model": "app.ieeekeywords",
		"pk": 130,
		"fields": {
			"keyword": "Electromagnetic propagation",
			"parent_keyword_id": 80
		}
	},
	{
		"model": "app.ieeekeywords",
		"pk": 131,
		"fields": {
			"keyword": "Electromagnetic diffraction",
			"parent_keyword_id": 130
		}
	},
	{
		"model": "app.ieeekeywords",
		"pk": 132,
		"fields": {
			"keyword": "Optical diffraction",
			"parent_keyword_id": 131
		}
	},
	{
		"model": "app.ieeekeywords",
		"pk": 133,
		"fields": {
			"keyword": "Physical theory of diffraction",
			"parent_keyword_id": 131
		}
	},
	{
		"model": "app.ieeekeywords",
		"pk": 134,
		"fields": {
			"keyword": "X-ray diffraction",
			"parent_keyword_id": 131
		}
	},
	{
		"model": "app.ieeekeywords",
		"pk": 135,
		"fields": {
			"keyword": "Electromagnetic propagation in absorbing media",
			"parent_keyword_id": 130
		}
	},
	{
		"model": "app.ieeekeywords",
		"pk": 136,
		"fields": {
			"keyword": "Electromagnetic reflection",
			"parent_keyword_id": 130
		}
	},
	{
		"model": "app.ieeekeywords",
		"pk": 137,
		"fields": {
			"keyword": "Optical reflection",
			"parent_keyword_id": 136
		}
	},
	{
		"model": "app.ieeekeywords",
		"pk": 138,
		"fields": {
			"keyword": "Microwave propagation",
			"parent_keyword_id": 130
		}
	},
	{
		"model": "app.ieeekeywords",
		"pk": 139,
		"fields": {
			"keyword": "Millimeter wave propagation",
			"parent_keyword_id": 130
		}
	},
	{
		"model": "app.ieeekeywords",
		"pk": 140,
		"fields": {
			"keyword": "Optical propagation",
			"parent_keyword_id": 130
		}
	},
	{
		"model": "app.ieeekeywords",
		"pk": 141,
		"fields": {
			"keyword": "Optical surface waves",
			"parent_keyword_id": 140
		}
	},
	{
		"model": "app.ieeekeywords",
		"pk": 142,
		"fields": {
			"keyword": "Optical waveguides",
			"parent_keyword_id": 140
		}
	},
	{
		"model": "app.ieeekeywords",
		"pk": 143,
		"fields": {
			"keyword": "Propagation constant",
			"parent_keyword_id": 130
		}
	},
	{
		"model": "app.ieeekeywords",
		"pk": 144,
		"fields": {
			"keyword": "Propagation losses",
			"parent_keyword_id": 130
		}
	},
	{
		"model": "app.ieeekeywords",
		"pk": 145,
		"fields": {
			"keyword": "Radio propagation",
			"parent_keyword_id": 130
		}
	},
	{
		"model": "app.ieeekeywords",
		"pk": 146,
		"fields": {
			"keyword": "Radiowave propagation",
			"parent_keyword_id": 130
		}
	},
	{
		"model": "app.ieeekeywords",
		"pk": 147,
		"fields": {
			"keyword": "Submillimeter wave propagation",
			"parent_keyword_id": 130
		}
	},
	{
		"model": "app.ieeekeywords",
		"pk": 148,
		"fields": {
			"keyword": "UHF propagation",
			"parent_keyword_id": 130
		}
	},
	{
		"model": "app.ieeekeywords",
		"pk": 149,
		"fields": {
			"keyword": "Radio astronomy",
			"parent_keyword_id": 80
		}
	},
	{
		"model": "app.ieeekeywords",
		"pk": 150,
		"fields": {
			"keyword": "Broadcast technology",
			"parent_keyword_id": null
		}
	},
	{
		"model": "app.ieeekeywords",
		"pk": 151,
		"fields": {
			"keyword": "Broadcasting",
			"parent_keyword_id": 150
		}
	},
	{
		"model": "app.ieeekeywords",
		"pk": 152,
		"fields": {
			"keyword": "Digital audio broadcasting",
			"parent_keyword_id": 151
		}
	},
	{
		"model": "app.ieeekeywords",
		"pk": 153,
		"fields": {
			"keyword": "Digital audio players",
			"parent_keyword_id": 152
		}
	},
	{
		"model": "app.ieeekeywords",
		"pk": 154,
		"fields": {
			"keyword": "Digital Radio Mondiale",
			"parent_keyword_id": 152
		}
	},
	{
		"model": "app.ieeekeywords",
		"pk": 155,
		"fields": {
			"keyword": "Digital multimedia broadcasting",
			"parent_keyword_id": 151
		}
	},
	{
		"model": "app.ieeekeywords",
		"pk": 156,
		"fields": {
			"keyword": "Digital video broadcasting",
			"parent_keyword_id": 151
		}
	},
	{
		"model": "app.ieeekeywords",
		"pk": 157,
		"fields": {
			"keyword": "Radio broadcasting",
			"parent_keyword_id": 151
		}
	},
	{
		"model": "app.ieeekeywords",
		"pk": 158,
		"fields": {
			"keyword": "Frequency modulation",
			"parent_keyword_id": 157
		}
	},
	{
		"model": "app.ieeekeywords",
		"pk": 159,
		"fields": {
			"keyword": "Radio networks",
			"parent_keyword_id": 157
		}
	},
	{
		"model": "app.ieeekeywords",
		"pk": 160,
		"fields": {
			"keyword": "Satellite broadcasting",
			"parent_keyword_id": 151
		}
	},
	{
		"model": "app.ieeekeywords",
		"pk": 161,
		"fields": {
			"keyword": "TV broadcasting",
			"parent_keyword_id": 151
		}
	},
	{
		"model": "app.ieeekeywords",
		"pk": 162,
		"fields": {
			"keyword": "Circuits and systems",
			"parent_keyword_id": null
		}
	},
	{
		"model": "app.ieeekeywords",
		"pk": 163,
		"fields": {
			"keyword": "Circuits",
			"parent_keyword_id": 162
		}
	},
	{
		"model": "app.ieeekeywords",
		"pk": 164,
		"fields": {
			"keyword": "Active circuits",
			"parent_keyword_id": 163
		}
	},
	{
		"model": "app.ieeekeywords",
		"pk": 165,
		"fields": {
			"keyword": "Active inductors",
			"parent_keyword_id": 164
		}
	},
	{
		"model": "app.ieeekeywords",
		"pk": 166,
		"fields": {
			"keyword": "Gyrators",
			"parent_keyword_id": 164
		}
	},
	{
		"model": "app.ieeekeywords",
		"pk": 167,
		"fields": {
			"keyword": "Operational amplifiers",
			"parent_keyword_id": 164
		}
	},
	{
		"model": "app.ieeekeywords",
		"pk": 168,
		"fields": {
			"keyword": "Adders",
			"parent_keyword_id": 163
		}
	},
	{
		"model": "app.ieeekeywords",
		"pk": 169,
		"fields": {
			"keyword": "Analog circuits",
			"parent_keyword_id": 163
		}
	},
	{
		"model": "app.ieeekeywords",
		"pk": 170,
		"fields": {
			"keyword": "Analog integrated circuits",
			"parent_keyword_id": 169
		}
	},
	{
		"model": "app.ieeekeywords",
		"pk": 171,
		"fields": {
			"keyword": "Analog processing circuits",
			"parent_keyword_id": 169
		}
	},
	{
		"model": "app.ieeekeywords",
		"pk": 172,
		"fields": {
			"keyword": "Application specific integrated circuits",
			"parent_keyword_id": 163
		}
	},
	{
		"model": "app.ieeekeywords",
		"pk": 173,
		"fields": {
			"keyword": "System-on-chip",
			"parent_keyword_id": 172
		}
	},
	{
		"model": "app.ieeekeywords",
		"pk": 174,
		"fields": {
			"keyword": "Asynchronous circuits",
			"parent_keyword_id": 163
		}
	},
	{
		"model": "app.ieeekeywords",
		"pk": 175,
		"fields": {
			"keyword": "Bipolar integrated circuits",
			"parent_keyword_id": 163
		}
	},
	{
		"model": "app.ieeekeywords",
		"pk": 176,
		"fields": {
			"keyword": "BiCMOS integrated circuits",
			"parent_keyword_id": 175
		}
	},
	{
		"model": "app.ieeekeywords",
		"pk": 177,
		"fields": {
			"keyword": "Bipolar transistor circuits",
			"parent_keyword_id": 163
		}
	},
	{
		"model": "app.ieeekeywords",
		"pk": 178,
		"fields": {
			"keyword": "Bipolar integrated circuits",
			"parent_keyword_id": 177
		}
	},
	{
		"model": "app.ieeekeywords",
		"pk": 179,
		"fields": {
			"keyword": "Bistable circuits",
			"parent_keyword_id": 163
		}
	},
	{
		"model": "app.ieeekeywords",
		"pk": 180,
		"fields": {
			"keyword": "Latches",
			"parent_keyword_id": 179
		}
	},
	{
		"model": "app.ieeekeywords",
		"pk": 181,
		"fields": {
			"keyword": "Bridge circuits",
			"parent_keyword_id": 163
		}
	},
	{
		"model": "app.ieeekeywords",
		"pk": 182,
		"fields": {
			"keyword": "Charge pumps",
			"parent_keyword_id": 163
		}
	},
	{
		"model": "app.ieeekeywords",
		"pk": 183,
		"fields": {
			"keyword": "Circuit analysis",
			"parent_keyword_id": 163
		}
	},
	{
		"model": "app.ieeekeywords",
		"pk": 184,
		"fields": {
			"keyword": "Circuit analysis computing",
			"parent_keyword_id": 183
		}
	},
	{
		"model": "app.ieeekeywords",
		"pk": 185,
		"fields": {
			"keyword": "Coupled mode analysis",
			"parent_keyword_id": 183
		}
	},
	{
		"model": "app.ieeekeywords",
		"pk": 186,
		"fields": {
			"keyword": "Nonlinear network analysis",
			"parent_keyword_id": 183
		}
	},
	{
		"model": "app.ieeekeywords",
		"pk": 187,
		"fields": {
			"keyword": "Circuit faults",
			"parent_keyword_id": 163
		}
	},
	{
		"model": "app.ieeekeywords",
		"pk": 188,
		"fields": {
			"keyword": "Electrical fault detection",
			"parent_keyword_id": 187
		}
	},
	{
		"model": "app.ieeekeywords",
		"pk": 189,
		"fields": {
			"keyword": "Circuit noise",
			"parent_keyword_id": 163
		}
	},
	{
		"model": "app.ieeekeywords",
		"pk": 190,
		"fields": {
			"keyword": "Thermal noise",
			"parent_keyword_id": 189
		}
	},
	{
		"model": "app.ieeekeywords",
		"pk": 191,
		"fields": {
			"keyword": "Circuit simulation",
			"parent_keyword_id": 163
		}
	},
	{
		"model": "app.ieeekeywords",
		"pk": 192,
		"fields": {
			"keyword": "Circuit synthesis",
			"parent_keyword_id": 163
		}
	},
	{
		"model": "app.ieeekeywords",
		"pk": 193,
		"fields": {
			"keyword": "High level synthesis",
			"parent_keyword_id": 192
		}
	},
	{
		"model": "app.ieeekeywords",
		"pk": 194,
		"fields": {
			"keyword": "Integrated circuit synthesis",
			"parent_keyword_id": 192
		}
	},
	{
		"model": "app.ieeekeywords",
		"pk": 195,
		"fields": {
			"keyword": "Coprocessors",
			"parent_keyword_id": 163
		}
	},
	{
		"model": "app.ieeekeywords",
		"pk": 196,
		"fields": {
			"keyword": "Counting circuits",
			"parent_keyword_id": 163
		}
	},
	{
		"model": "app.ieeekeywords",
		"pk": 197,
		"fields": {
			"keyword": "Coupling circuits",
			"parent_keyword_id": 163
		}
	},
	{
		"model": "app.ieeekeywords",
		"pk": 198,
		"fields": {
			"keyword": "Digital circuits",
			"parent_keyword_id": 163
		}
	},
	{
		"model": "app.ieeekeywords",
		"pk": 199,
		"fields": {
			"keyword": "Circuit topology",
			"parent_keyword_id": 198
		}
	},
	{
		"model": "app.ieeekeywords",
		"pk": 200,
		"fields": {
			"keyword": "Digital integrated circuits",
			"parent_keyword_id": 198
		}
	},
	{
		"model": "app.ieeekeywords",
		"pk": 201,
		"fields": {
			"keyword": "Digital signal processors",
			"parent_keyword_id": 163
		}
	},
	{
		"model": "app.ieeekeywords",
		"pk": 202,
		"fields": {
			"keyword": "Distributed parameter circuits",
			"parent_keyword_id": 163
		}
	},
	{
		"model": "app.ieeekeywords",
		"pk": 203,
		"fields": {
			"keyword": "Driver circuits",
			"parent_keyword_id": 163
		}
	},
	{
		"model": "app.ieeekeywords",
		"pk": 204,
		"fields": {
			"keyword": "Electronic circuits",
			"parent_keyword_id": 163
		}
	},
	{
		"model": "app.ieeekeywords",
		"pk": 205,
		"fields": {
			"keyword": "Breadboard circuit",
			"parent_keyword_id": 204
		}
	},
	{
		"model": "app.ieeekeywords",
		"pk": 206,
		"fields": {
			"keyword": "Central Processing Unit",
			"parent_keyword_id": 204
		}
	},
	{
		"model": "app.ieeekeywords",
		"pk": 207,
		"fields": {
			"keyword": "Stripboard circuit",
			"parent_keyword_id": 204
		}
	},
	{
		"model": "app.ieeekeywords",
		"pk": 208,
		"fields": {
			"keyword": "Equivalent circuits",
			"parent_keyword_id": 163
		}
	},
	{
		"model": "app.ieeekeywords",
		"pk": 209,
		"fields": {
			"keyword": "Feedback",
			"parent_keyword_id": 163
		}
	},
	{
		"model": "app.ieeekeywords",
		"pk": 210,
		"fields": {
			"keyword": "Feedback circuits",
			"parent_keyword_id": 209
		}
	},
	{
		"model": "app.ieeekeywords",
		"pk": 211,
		"fields": {
			"keyword": "Negative feedback",
			"parent_keyword_id": 209
		}
	},
	{
		"model": "app.ieeekeywords",
		"pk": 212,
		"fields": {
			"keyword": "Neurofeedback",
			"parent_keyword_id": 209
		}
	},
	{
		"model": "app.ieeekeywords",
		"pk": 213,
		"fields": {
			"keyword": "Hybrid integrated circuits",
			"parent_keyword_id": 163
		}
	},
	{
		"model": "app.ieeekeywords",
		"pk": 214,
		"fields": {
			"keyword": "Integrated circuits",
			"parent_keyword_id": 163
		}
	},
	{
		"model": "app.ieeekeywords",
		"pk": 215,
		"fields": {
			"keyword": "Analog-digital integrated circuits",
			"parent_keyword_id": 214
		}
	},
	{
		"model": "app.ieeekeywords",
		"pk": 216,
		"fields": {
			"keyword": "Analog integrated circuits",
			"parent_keyword_id": 214
		}
	},
	{
		"model": "app.ieeekeywords",
		"pk": 217,
		"fields": {
			"keyword": "Application specific integrated circuits",
			"parent_keyword_id": 214
		}
	},
	{
		"model": "app.ieeekeywords",
		"pk": 218,
		"fields": {
			"keyword": "Bipolar integrated circuits",
			"parent_keyword_id": 214
		}
	},
	{
		"model": "app.ieeekeywords",
		"pk": 219,
		"fields": {
			"keyword": "CMOS integrated circuits",
			"parent_keyword_id": 214
		}
	},
	{
		"model": "app.ieeekeywords",
		"pk": 220,
		"fields": {
			"keyword": "Coprocessors",
			"parent_keyword_id": 214
		}
	},
	{
		"model": "app.ieeekeywords",
		"pk": 221,
		"fields": {
			"keyword": "Current-mode circuits",
			"parent_keyword_id": 214
		}
	},
	{
		"model": "app.ieeekeywords",
		"pk": 222,
		"fields": {
			"keyword": "Digital integrated circuits",
			"parent_keyword_id": 214
		}
	},
	{
		"model": "app.ieeekeywords",
		"pk": 223,
		"fields": {
			"keyword": "FET integrated circuits",
			"parent_keyword_id": 214
		}
	},
	{
		"model": "app.ieeekeywords",
		"pk": 224,
		"fields": {
			"keyword": "Field programmable gate arrays",
			"parent_keyword_id": 214
		}
	},
	{
		"model": "app.ieeekeywords",
		"pk": 225,
		"fields": {
			"keyword": "Hybrid integrated circuits",
			"parent_keyword_id": 214
		}
	},
	{
		"model": "app.ieeekeywords",
		"pk": 226,
		"fields": {
			"keyword": "Integrated circuit interconnections",
			"parent_keyword_id": 214
		}
	},
	{
		"model": "app.ieeekeywords",
		"pk": 227,
		"fields": {
			"keyword": "Integrated circuit modeling",
			"parent_keyword_id": 214
		}
	},
	{
		"model": "app.ieeekeywords",
		"pk": 228,
		"fields": {
			"keyword": "Integrated circuit noise",
			"parent_keyword_id": 214
		}
	},
	{
		"model": "app.ieeekeywords",
		"pk": 229,
		"fields": {
			"keyword": "Integrated circuit synthesis",
			"parent_keyword_id": 214
		}
	},
	{
		"model": "app.ieeekeywords",
		"pk": 230,
		"fields": {
			"keyword": "Large scale integration",
			"parent_keyword_id": 214
		}
	},
	{
		"model": "app.ieeekeywords",
		"pk": 231,
		"fields": {
			"keyword": "MESFET integrated circuits",
			"parent_keyword_id": 214
		}
	},
	{
		"model": "app.ieeekeywords",
		"pk": 232,
		"fields": {
			"keyword": "Microprocessors",
			"parent_keyword_id": 214
		}
	},
	{
		"model": "app.ieeekeywords",
		"pk": 233,
		"fields": {
			"keyword": "Microwave integrated circuits",
			"parent_keyword_id": 214
		}
	},
	{
		"model": "app.ieeekeywords",
		"pk": 234,
		"fields": {
			"keyword": "Millimeter wave integrated circuits",
			"parent_keyword_id": 214
		}
	},
	{
		"model": "app.ieeekeywords",
		"pk": 235,
		"fields": {
			"keyword": "Mixed analog digital integrated circuits",
			"parent_keyword_id": 214
		}
	},
	{
		"model": "app.ieeekeywords",
		"pk": 236,
		"fields": {
			"keyword": "Monolithic integrated circuits",
			"parent_keyword_id": 214
		}
	},
	{
		"model": "app.ieeekeywords",
		"pk": 237,
		"fields": {
			"keyword": "Photonic integrated circuits",
			"parent_keyword_id": 214
		}
	},
	{
		"model": "app.ieeekeywords",
		"pk": 238,
		"fields": {
			"keyword": "Power integrated circuits",
			"parent_keyword_id": 214
		}
	},
	{
		"model": "app.ieeekeywords",
		"pk": 239,
		"fields": {
			"keyword": "Radiofrequency integrated circuits",
			"parent_keyword_id": 214
		}
	},
	{
		"model": "app.ieeekeywords",
		"pk": 240,
		"fields": {
			"keyword": "Submillimeter wave integrated circuits",
			"parent_keyword_id": 214
		}
	},
	{
		"model": "app.ieeekeywords",
		"pk": 241,
		"fields": {
			"keyword": "Superconducting integrated circuits",
			"parent_keyword_id": 214
		}
	},
	{
		"model": "app.ieeekeywords",
		"pk": 242,
		"fields": {
			"keyword": "Thick film circuits",
			"parent_keyword_id": 214
		}
	},
	{
		"model": "app.ieeekeywords",
		"pk": 243,
		"fields": {
			"keyword": "Thin film circuits",
			"parent_keyword_id": 214
		}
	},
	{
		"model": "app.ieeekeywords",
		"pk": 244,
		"fields": {
			"keyword": "Three-dimensional integrated circuits",
			"parent_keyword_id": 214
		}
	},
	{
		"model": "app.ieeekeywords",
		"pk": 245,
		"fields": {
			"keyword": "Through-silicon vias",
			"parent_keyword_id": 214
		}
	},
	{
		"model": "app.ieeekeywords",
		"pk": 246,
		"fields": {
			"keyword": "UHF integrated circuits",
			"parent_keyword_id": 214
		}
	},
	{
		"model": "app.ieeekeywords",
		"pk": 247,
		"fields": {
			"keyword": "Ultra large scale integration",
			"parent_keyword_id": 214
		}
	},
	{
		"model": "app.ieeekeywords",
		"pk": 248,
		"fields": {
			"keyword": "Very high speed integrated circuits",
			"parent_keyword_id": 214
		}
	},
	{
		"model": "app.ieeekeywords",
		"pk": 249,
		"fields": {
			"keyword": "Very large scale integration",
			"parent_keyword_id": 214
		}
	},
	{
		"model": "app.ieeekeywords",
		"pk": 250,
		"fields": {
			"keyword": "Wafer scale integration",
			"parent_keyword_id": 214
		}
	},
	{
		"model": "app.ieeekeywords",
		"pk": 251,
		"fields": {
			"keyword": "Isolators",
			"parent_keyword_id": 163
		}
	},
	{
		"model": "app.ieeekeywords",
		"pk": 252,
		"fields": {
			"keyword": "Large scale integration",
			"parent_keyword_id": 163
		}
	},
	{
		"model": "app.ieeekeywords",
		"pk": 253,
		"fields": {
			"keyword": "Ultra large scale integration",
			"parent_keyword_id": 252
		}
	},
	{
		"model": "app.ieeekeywords",
		"pk": 254,
		"fields": {
			"keyword": "Very large scale integration",
			"parent_keyword_id": 252
		}
	},
	{
		"model": "app.ieeekeywords",
		"pk": 255,
		"fields": {
			"keyword": "Wafer scale integration",
			"parent_keyword_id": 252
		}
	},
	{
		"model": "app.ieeekeywords",
		"pk": 256,
		"fields": {
			"keyword": "Linear circuits",
			"parent_keyword_id": 163
		}
	},
	{
		"model": "app.ieeekeywords",
		"pk": 257,
		"fields": {
			"keyword": "Logic arrays",
			"parent_keyword_id": 163
		}
	},
	{
		"model": "app.ieeekeywords",
		"pk": 258,
		"fields": {
			"keyword": "Programmable logic arrays",
			"parent_keyword_id": 257
		}
	},
	{
		"model": "app.ieeekeywords",
		"pk": 259,
		"fields": {
			"keyword": "Logic circuits",
			"parent_keyword_id": 163
		}
	},
	{
		"model": "app.ieeekeywords",
		"pk": 260,
		"fields": {
			"keyword": "Combinational circuits",
			"parent_keyword_id": 259
		}
	},
	{
		"model": "app.ieeekeywords",
		"pk": 261,
		"fields": {
			"keyword": "Logic arrays",
			"parent_keyword_id": 259
		}
	},
	{
		"model": "app.ieeekeywords",
		"pk": 262,
		"fields": {
			"keyword": "Programmable logic arrays",
			"parent_keyword_id": 259
		}
	},
	{
		"model": "app.ieeekeywords",
		"pk": 263,
		"fields": {
			"keyword": "Superconducting logic circuits",
			"parent_keyword_id": 259
		}
	},
	{
		"model": "app.ieeekeywords",
		"pk": 264,
		"fields": {
			"keyword": "Magnetic circuits",
			"parent_keyword_id": 163
		}
	},
	{
		"model": "app.ieeekeywords",
		"pk": 265,
		"fields": {
			"keyword": "Microprocessors",
			"parent_keyword_id": 163
		}
	},
	{
		"model": "app.ieeekeywords",
		"pk": 266,
		"fields": {
			"keyword": "Automatic logic units",
			"parent_keyword_id": 265
		}
	},
	{
		"model": "app.ieeekeywords",
		"pk": 267,
		"fields": {
			"keyword": "Biomimetics",
			"parent_keyword_id": 265
		}
	},
	{
		"model": "app.ieeekeywords",
		"pk": 268,
		"fields": {
			"keyword": "Coprocessors",
			"parent_keyword_id": 265
		}
	},
	{
		"model": "app.ieeekeywords",
		"pk": 269,
		"fields": {
			"keyword": "Microcontrollers",
			"parent_keyword_id": 265
		}
	},
	{
		"model": "app.ieeekeywords",
		"pk": 270,
		"fields": {
			"keyword": "Microprocessor chips",
			"parent_keyword_id": 265
		}
	},
	{
		"model": "app.ieeekeywords",
		"pk": 271,
		"fields": {
			"keyword": "Vector processors",
			"parent_keyword_id": 265
		}
	},
	{
		"model": "app.ieeekeywords",
		"pk": 272,
		"fields": {
			"keyword": "Microwave circuits",
			"parent_keyword_id": 163
		}
	},
	{
		"model": "app.ieeekeywords",
		"pk": 273,
		"fields": {
			"keyword": "Millimeter wave circuits",
			"parent_keyword_id": 163
		}
	},
	{
		"model": "app.ieeekeywords",
		"pk": 274,
		"fields": {
			"keyword": "Millimeter wave integrated circuits",
			"parent_keyword_id": 273
		}
	},
	{
		"model": "app.ieeekeywords",
		"pk": 275,
		"fields": {
			"keyword": "Millimeter wave integrated circuits",
			"parent_keyword_id": 163
		}
	},
	{
		"model": "app.ieeekeywords",
		"pk": 276,
		"fields": {
			"keyword": "MIMICs",
			"parent_keyword_id": 275
		}
	},
	{
		"model": "app.ieeekeywords",
		"pk": 277,
		"fields": {
			"keyword": "Monolithic integrated circuits",
			"parent_keyword_id": 163
		}
	},
	{
		"model": "app.ieeekeywords",
		"pk": 278,
		"fields": {
			"keyword": "MIMICs",
			"parent_keyword_id": 277
		}
	},
	{
		"model": "app.ieeekeywords",
		"pk": 279,
		"fields": {
			"keyword": "MMICs",
			"parent_keyword_id": 277
		}
	},
	{
		"model": "app.ieeekeywords",
		"pk": 280,
		"fields": {
			"keyword": "MOSFET circuits",
			"parent_keyword_id": 163
		}
	},
	{
		"model": "app.ieeekeywords",
		"pk": 281,
		"fields": {
			"keyword": "CMOSFET circuits",
			"parent_keyword_id": 280
		}
	},
	{
		"model": "app.ieeekeywords",
		"pk": 282,
		"fields": {
			"keyword": "MOS integrated circuits",
			"parent_keyword_id": 280
		}
	},
	{
		"model": "app.ieeekeywords",
		"pk": 283,
		"fields": {
			"keyword": "Power MOSFET",
			"parent_keyword_id": 280
		}
	},
	{
		"model": "app.ieeekeywords",
		"pk": 284,
		"fields": {
			"keyword": "Multiplying circuits",
			"parent_keyword_id": 163
		}
	},
	{
		"model": "app.ieeekeywords",
		"pk": 285,
		"fields": {
			"keyword": "Nonlinear circuits",
			"parent_keyword_id": 163
		}
	},
	{
		"model": "app.ieeekeywords",
		"pk": 286,
		"fields": {
			"keyword": "Nonlinear network analysis",
			"parent_keyword_id": 285
		}
	},
	{
		"model": "app.ieeekeywords",
		"pk": 287,
		"fields": {
			"keyword": "Passive circuits",
			"parent_keyword_id": 163
		}
	},
	{
		"model": "app.ieeekeywords",
		"pk": 288,
		"fields": {
			"keyword": "Phase shifters",
			"parent_keyword_id": 163
		}
	},
	{
		"model": "app.ieeekeywords",
		"pk": 289,
		"fields": {
			"keyword": "Phase transformers",
			"parent_keyword_id": 288
		}
	},
	{
		"model": "app.ieeekeywords",
		"pk": 290,
		"fields": {
			"keyword": "Power dissipation",
			"parent_keyword_id": 163
		}
	},
	{
		"model": "app.ieeekeywords",
		"pk": 291,
		"fields": {
			"keyword": "Power integrated circuits",
			"parent_keyword_id": 163
		}
	},
	{
		"model": "app.ieeekeywords",
		"pk": 292,
		"fields": {
			"keyword": "Printed circuits",
			"parent_keyword_id": 163
		}
	},
	{
		"model": "app.ieeekeywords",
		"pk": 293,
		"fields": {
			"keyword": "Flexible printed circuits",
			"parent_keyword_id": 292
		}
	},
	{
		"model": "app.ieeekeywords",
		"pk": 294,
		"fields": {
			"keyword": "Programmable circuits",
			"parent_keyword_id": 163
		}
	},
	{
		"model": "app.ieeekeywords",
		"pk": 295,
		"fields": {
			"keyword": "Field programmable analog arrays",
			"parent_keyword_id": 294
		}
	},
	{
		"model": "app.ieeekeywords",
		"pk": 296,
		"fields": {
			"keyword": "Programmable logic arrays",
			"parent_keyword_id": 294
		}
	},
	{
		"model": "app.ieeekeywords",
		"pk": 297,
		"fields": {
			"keyword": "Programmable logic devices",
			"parent_keyword_id": 294
		}
	},
	{
		"model": "app.ieeekeywords",
		"pk": 298,
		"fields": {
			"keyword": "Programmable logic arrays",
			"parent_keyword_id": 163
		}
	},
	{
		"model": "app.ieeekeywords",
		"pk": 299,
		"fields": {
			"keyword": "Programmable logic devices",
			"parent_keyword_id": 163
		}
	},
	{
		"model": "app.ieeekeywords",
		"pk": 300,
		"fields": {
			"keyword": "Pulse circuits",
			"parent_keyword_id": 163
		}
	},
	{
		"model": "app.ieeekeywords",
		"pk": 301,
		"fields": {
			"keyword": "Flip-flops",
			"parent_keyword_id": 300
		}
	},
	{
		"model": "app.ieeekeywords",
		"pk": 302,
		"fields": {
			"keyword": "Radiation detector circuits",
			"parent_keyword_id": 163
		}
	},
	{
		"model": "app.ieeekeywords",
		"pk": 303,
		"fields": {
			"keyword": "Rail to rail operation",
			"parent_keyword_id": 163
		}
	},
	{
		"model": "app.ieeekeywords",
		"pk": 304,
		"fields": {
			"keyword": "Rail to rail amplifiers",
			"parent_keyword_id": 303
		}
	},
	{
		"model": "app.ieeekeywords",
		"pk": 305,
		"fields": {
			"keyword": "Rail to rail inputs",
			"parent_keyword_id": 303
		}
	},
	{
		"model": "app.ieeekeywords",
		"pk": 306,
		"fields": {
			"keyword": "Rail to rail outputs",
			"parent_keyword_id": 303
		}
	},
	{
		"model": "app.ieeekeywords",
		"pk": 307,
		"fields": {
			"keyword": "Rectifiers",
			"parent_keyword_id": 163
		}
	},
	{
		"model": "app.ieeekeywords",
		"pk": 308,
		"fields": {
			"keyword": "RLC circuits",
			"parent_keyword_id": 163
		}
	},
	{
		"model": "app.ieeekeywords",
		"pk": 309,
		"fields": {
			"keyword": "Sampled data circuits",
			"parent_keyword_id": 163
		}
	},
	{
		"model": "app.ieeekeywords",
		"pk": 310,
		"fields": {
			"keyword": "Sequential circuits",
			"parent_keyword_id": 163
		}
	},
	{
		"model": "app.ieeekeywords",
		"pk": 311,
		"fields": {
			"keyword": "Silicon-on-insulator",
			"parent_keyword_id": 163
		}
	},
	{
		"model": "app.ieeekeywords",
		"pk": 312,
		"fields": {
			"keyword": "Silicon on sapphire",
			"parent_keyword_id": 311
		}
	},
	{
		"model": "app.ieeekeywords",
		"pk": 313,
		"fields": {
			"keyword": "Submillimeter wave circuits",
			"parent_keyword_id": 163
		}
	},
	{
		"model": "app.ieeekeywords",
		"pk": 314,
		"fields": {
			"keyword": "Submillimeter wave integrated circuits",
			"parent_keyword_id": 313
		}
	},
	{
		"model": "app.ieeekeywords",
		"pk": 315,
		"fields": {
			"keyword": "Summing circuits",
			"parent_keyword_id": 163
		}
	},
	{
		"model": "app.ieeekeywords",
		"pk": 316,
		"fields": {
			"keyword": "Switched circuits",
			"parent_keyword_id": 163
		}
	},
	{
		"model": "app.ieeekeywords",
		"pk": 317,
		"fields": {
			"keyword": "Switched capacitor circuits",
			"parent_keyword_id": 316
		}
	},
	{
		"model": "app.ieeekeywords",
		"pk": 318,
		"fields": {
			"keyword": "Switching circuits",
			"parent_keyword_id": 163
		}
	},
	{
		"model": "app.ieeekeywords",
		"pk": 319,
		"fields": {
			"keyword": "Choppers (circuits)",
			"parent_keyword_id": 318
		}
	},
	{
		"model": "app.ieeekeywords",
		"pk": 320,
		"fields": {
			"keyword": "Logic circuits",
			"parent_keyword_id": 318
		}
	},
	{
		"model": "app.ieeekeywords",
		"pk": 321,
		"fields": {
			"keyword": "Switching converters",
			"parent_keyword_id": 318
		}
	},
	{
		"model": "app.ieeekeywords",
		"pk": 322,
		"fields": {
			"keyword": "Zero current switching",
			"parent_keyword_id": 318
		}
	},
	{
		"model": "app.ieeekeywords",
		"pk": 323,
		"fields": {
			"keyword": "Zero voltage switching",
			"parent_keyword_id": 318
		}
	},
	{
		"model": "app.ieeekeywords",
		"pk": 324,
		"fields": {
			"keyword": "Thick film circuits",
			"parent_keyword_id": 163
		}
	},
	{
		"model": "app.ieeekeywords",
		"pk": 325,
		"fields": {
			"keyword": "Thin film circuits",
			"parent_keyword_id": 163
		}
	},
	{
		"model": "app.ieeekeywords",
		"pk": 326,
		"fields": {
			"keyword": "Thyristor circuits",
			"parent_keyword_id": 163
		}
	},
	{
		"model": "app.ieeekeywords",
		"pk": 327,
		"fields": {
			"keyword": "Time varying circuits",
			"parent_keyword_id": 163
		}
	},
	{
		"model": "app.ieeekeywords",
		"pk": 328,
		"fields": {
			"keyword": "Trigger circuits",
			"parent_keyword_id": 163
		}
	},
	{
		"model": "app.ieeekeywords",
		"pk": 329,
		"fields": {
			"keyword": "UHF circuits",
			"parent_keyword_id": 163
		}
	},
	{
		"model": "app.ieeekeywords",
		"pk": 330,
		"fields": {
			"keyword": "UHF integrated circuits",
			"parent_keyword_id": 329
		}
	},
	{
		"model": "app.ieeekeywords",
		"pk": 331,
		"fields": {
			"keyword": "UHF integrated circuits",
			"parent_keyword_id": 163
		}
	},
	{
		"model": "app.ieeekeywords",
		"pk": 332,
		"fields": {
			"keyword": "Ultra large scale integration",
			"parent_keyword_id": 163
		}
	},
	{
		"model": "app.ieeekeywords",
		"pk": 333,
		"fields": {
			"keyword": "Very large scale integration",
			"parent_keyword_id": 163
		}
	},
	{
		"model": "app.ieeekeywords",
		"pk": 334,
		"fields": {
			"keyword": "Neuromorphics",
			"parent_keyword_id": 333
		}
	},
	{
		"model": "app.ieeekeywords",
		"pk": 335,
		"fields": {
			"keyword": "Wafer scale integration",
			"parent_keyword_id": 333
		}
	},
	{
		"model": "app.ieeekeywords",
		"pk": 336,
		"fields": {
			"keyword": "VHF circuits",
			"parent_keyword_id": 163
		}
	},
	{
		"model": "app.ieeekeywords",
		"pk": 337,
		"fields": {
			"keyword": "Wafer scale integration",
			"parent_keyword_id": 163
		}
	},
	{
		"model": "app.ieeekeywords",
		"pk": 338,
		"fields": {
			"keyword": "Contacts",
			"parent_keyword_id": 162
		}
	},
	{
		"model": "app.ieeekeywords",
		"pk": 339,
		"fields": {
			"keyword": "Brushes",
			"parent_keyword_id": 338
		}
	},
	{
		"model": "app.ieeekeywords",
		"pk": 340,
		"fields": {
			"keyword": "Contact resistance",
			"parent_keyword_id": 338
		}
	},
	{
		"model": "app.ieeekeywords",
		"pk": 341,
		"fields": {
			"keyword": "Ohmic contacts",
			"parent_keyword_id": 338
		}
	},
	{
		"model": "app.ieeekeywords",
		"pk": 342,
		"fields": {
			"keyword": "Filtering",
			"parent_keyword_id": 162
		}
	},
	{
		"model": "app.ieeekeywords",
		"pk": 343,
		"fields": {
			"keyword": "Filters",
			"parent_keyword_id": 342
		}
	},
	{
		"model": "app.ieeekeywords",
		"pk": 344,
		"fields": {
			"keyword": "Active filters",
			"parent_keyword_id": 343
		}
	},
	{
		"model": "app.ieeekeywords",
		"pk": 345,
		"fields": {
			"keyword": "Anisotropic",
			"parent_keyword_id": 343
		}
	},
	{
		"model": "app.ieeekeywords",
		"pk": 346,
		"fields": {
			"keyword": "Bragg gratings",
			"parent_keyword_id": 343
		}
	},
	{
		"model": "app.ieeekeywords",
		"pk": 347,
		"fields": {
			"keyword": "Channel bank filters",
			"parent_keyword_id": 343
		}
	},
	{
		"model": "app.ieeekeywords",
		"pk": 348,
		"fields": {
			"keyword": "Digital filters",
			"parent_keyword_id": 343
		}
	},
	{
		"model": "app.ieeekeywords",
		"pk": 349,
		"fields": {
			"keyword": "Equalizers",
			"parent_keyword_id": 343
		}
	},
	{
		"model": "app.ieeekeywords",
		"pk": 350,
		"fields": {
			"keyword": "Filtering theory",
			"parent_keyword_id": 343
		}
	},
	{
		"model": "app.ieeekeywords",
		"pk": 351,
		"fields": {
			"keyword": "Gabor filters",
			"parent_keyword_id": 343
		}
	},
	{
		"model": "app.ieeekeywords",
		"pk": 352,
		"fields": {
			"keyword": "Harmonic filters",
			"parent_keyword_id": 343
		}
	},
	{
		"model": "app.ieeekeywords",
		"pk": 353,
		"fields": {
			"keyword": "IIR filters",
			"parent_keyword_id": 343
		}
	},
	{
		"model": "app.ieeekeywords",
		"pk": 354,
		"fields": {
			"keyword": "Kalman filters",
			"parent_keyword_id": 343
		}
	},
	{
		"model": "app.ieeekeywords",
		"pk": 355,
		"fields": {
			"keyword": "Low-pass filters",
			"parent_keyword_id": 343
		}
	},
	{
		"model": "app.ieeekeywords",
		"pk": 356,
		"fields": {
			"keyword": "Matched filters",
			"parent_keyword_id": 343
		}
	},
	{
		"model": "app.ieeekeywords",
		"pk": 357,
		"fields": {
			"keyword": "Microstrip filters",
			"parent_keyword_id": 343
		}
	},
	{
		"model": "app.ieeekeywords",
		"pk": 358,
		"fields": {
			"keyword": "Nonlinear filters",
			"parent_keyword_id": 343
		}
	},
	{
		"model": "app.ieeekeywords",
		"pk": 359,
		"fields": {
			"keyword": "Particle filters",
			"parent_keyword_id": 343
		}
	},
	{
		"model": "app.ieeekeywords",
		"pk": 360,
		"fields": {
			"keyword": "Power filters",
			"parent_keyword_id": 343
		}
	},
	{
		"model": "app.ieeekeywords",
		"pk": 361,
		"fields": {
			"keyword": "Resonator filters",
			"parent_keyword_id": 343
		}
	},
	{
		"model": "app.ieeekeywords",
		"pk": 362,
		"fields": {
			"keyword": "Spatial filters",
			"parent_keyword_id": 343
		}
	},
	{
		"model": "app.ieeekeywords",
		"pk": 363,
		"fields": {
			"keyword": "Superconducting filters",
			"parent_keyword_id": 343
		}
	},
	{
		"model": "app.ieeekeywords",
		"pk": 364,
		"fields": {
			"keyword": "Transversal filters",
			"parent_keyword_id": 343
		}
	},
	{
		"model": "app.ieeekeywords",
		"pk": 365,
		"fields": {
			"keyword": "Information filtering",
			"parent_keyword_id": 342
		}
	},
	{
		"model": "app.ieeekeywords",
		"pk": 366,
		"fields": {
			"keyword": "Information filters",
			"parent_keyword_id": 365
		}
	},
	{
		"model": "app.ieeekeywords",
		"pk": 367,
		"fields": {
			"keyword": "Recommender systems",
			"parent_keyword_id": 365
		}
	},
	{
		"model": "app.ieeekeywords",
		"pk": 368,
		"fields": {
			"keyword": "Integrated circuit technology",
			"parent_keyword_id": 162
		}
	},
	{
		"model": "app.ieeekeywords",
		"pk": 369,
		"fields": {
			"keyword": "CMOS technology",
			"parent_keyword_id": 368
		}
	},
	{
		"model": "app.ieeekeywords",
		"pk": 370,
		"fields": {
			"keyword": "CMOS process",
			"parent_keyword_id": 369
		}
	},
	{
		"model": "app.ieeekeywords",
		"pk": 371,
		"fields": {
			"keyword": "Silicon on sapphire",
			"parent_keyword_id": 369
		}
	},
	{
		"model": "app.ieeekeywords",
		"pk": 372,
		"fields": {
			"keyword": "Moore's Law",
			"parent_keyword_id": 368
		}
	},
	{
		"model": "app.ieeekeywords",
		"pk": 373,
		"fields": {
			"keyword": "Logic devices",
			"parent_keyword_id": 162
		}
	},
	{
		"model": "app.ieeekeywords",
		"pk": 374,
		"fields": {
			"keyword": "Logic gates",
			"parent_keyword_id": 373
		}
	},
	{
		"model": "app.ieeekeywords",
		"pk": 375,
		"fields": {
			"keyword": "Programmable logic devices",
			"parent_keyword_id": 373
		}
	},
	{
		"model": "app.ieeekeywords",
		"pk": 376,
		"fields": {
			"keyword": "Oscillators",
			"parent_keyword_id": 162
		}
	},
	{
		"model": "app.ieeekeywords",
		"pk": 377,
		"fields": {
			"keyword": "Digital-controlled oscillators",
			"parent_keyword_id": 376
		}
	},
	{
		"model": "app.ieeekeywords",
		"pk": 378,
		"fields": {
			"keyword": "Injection-locked oscillators",
			"parent_keyword_id": 376
		}
	},
	{
		"model": "app.ieeekeywords",
		"pk": 379,
		"fields": {
			"keyword": "Local oscillators",
			"parent_keyword_id": 376
		}
	},
	{
		"model": "app.ieeekeywords",
		"pk": 380,
		"fields": {
			"keyword": "Microwave oscillators",
			"parent_keyword_id": 376
		}
	},
	{
		"model": "app.ieeekeywords",
		"pk": 381,
		"fields": {
			"keyword": "Phase noise",
			"parent_keyword_id": 376
		}
	},
	{
		"model": "app.ieeekeywords",
		"pk": 382,
		"fields": {
			"keyword": "Ring oscillators",
			"parent_keyword_id": 376
		}
	},
	{
		"model": "app.ieeekeywords",
		"pk": 383,
		"fields": {
			"keyword": "Voltage-controlled oscillators",
			"parent_keyword_id": 376
		}
	},
	{
		"model": "app.ieeekeywords",
		"pk": 384,
		"fields": {
			"keyword": "Single electron devices",
			"parent_keyword_id": 162
		}
	},
	{
		"model": "app.ieeekeywords",
		"pk": 385,
		"fields": {
			"keyword": "Single electron memory",
			"parent_keyword_id": 384
		}
	},
	{
		"model": "app.ieeekeywords",
		"pk": 386,
		"fields": {
			"keyword": "Hetero-nanocrystal memory",
			"parent_keyword_id": 385
		}
	},
	{
		"model": "app.ieeekeywords",
		"pk": 387,
		"fields": {
			"keyword": "Single electron transistors",
			"parent_keyword_id": 384
		}
	},
	{
		"model": "app.ieeekeywords",
		"pk": 388,
		"fields": {
			"keyword": "Tunable circuits and devices",
			"parent_keyword_id": 162
		}
	},
	{
		"model": "app.ieeekeywords",
		"pk": 389,
		"fields": {
			"keyword": "RLC circuits",
			"parent_keyword_id": 388
		}
	},
	{
		"model": "app.ieeekeywords",
		"pk": 390,
		"fields": {
			"keyword": "Tuned circuits",
			"parent_keyword_id": 388
		}
	},
	{
		"model": "app.ieeekeywords",
		"pk": 391,
		"fields": {
			"keyword": "Communications technology",
			"parent_keyword_id": null
		}
	},
	{
		"model": "app.ieeekeywords",
		"pk": 392,
		"fields": {
			"keyword": "Communication equipment",
			"parent_keyword_id": 391
		}
	},
	{
		"model": "app.ieeekeywords",
		"pk": 393,
		"fields": {
			"keyword": "Auditory displays",
			"parent_keyword_id": 392
		}
	},
	{
		"model": "app.ieeekeywords",
		"pk": 394,
		"fields": {
			"keyword": "Codecs",
			"parent_keyword_id": 392
		}
	},
	{
		"model": "app.ieeekeywords",
		"pk": 395,
		"fields": {
			"keyword": "Speech codecs",
			"parent_keyword_id": 394
		}
	},
	{
		"model": "app.ieeekeywords",
		"pk": 396,
		"fields": {
			"keyword": "Video codecs",
			"parent_keyword_id": 394
		}
	},
	{
		"model": "app.ieeekeywords",
		"pk": 397,
		"fields": {
			"keyword": "Modems",
			"parent_keyword_id": 392
		}
	},
	{
		"model": "app.ieeekeywords",
		"pk": 398,
		"fields": {
			"keyword": "Optical communication equipment",
			"parent_keyword_id": 392
		}
	},
	{
		"model": "app.ieeekeywords",
		"pk": 399,
		"fields": {
			"keyword": "Optical transmitters",
			"parent_keyword_id": 398
		}
	},
	{
		"model": "app.ieeekeywords",
		"pk": 400,
		"fields": {
			"keyword": "Radio communication equipment",
			"parent_keyword_id": 392
		}
	},
	{
		"model": "app.ieeekeywords",
		"pk": 401,
		"fields": {
			"keyword": "Base stations",
			"parent_keyword_id": 400
		}
	},
	{
		"model": "app.ieeekeywords",
		"pk": 402,
		"fields": {
			"keyword": "Ham radios",
			"parent_keyword_id": 400
		}
	},
	{
		"model": "app.ieeekeywords",
		"pk": 403,
		"fields": {
			"keyword": "Land mobile radio equipment",
			"parent_keyword_id": 400
		}
	},
	{
		"model": "app.ieeekeywords",
		"pk": 404,
		"fields": {
			"keyword": "Radio transceivers",
			"parent_keyword_id": 400
		}
	},
	{
		"model": "app.ieeekeywords",
		"pk": 405,
		"fields": {
			"keyword": "Transponders",
			"parent_keyword_id": 400
		}
	},
	{
		"model": "app.ieeekeywords",
		"pk": 406,
		"fields": {
			"keyword": "Receivers",
			"parent_keyword_id": 392
		}
	},
	{
		"model": "app.ieeekeywords",
		"pk": 407,
		"fields": {
			"keyword": "Optical receivers",
			"parent_keyword_id": 406
		}
	},
	{
		"model": "app.ieeekeywords",
		"pk": 408,
		"fields": {
			"keyword": "RAKE receivers",
			"parent_keyword_id": 406
		}
	},
	{
		"model": "app.ieeekeywords",
		"pk": 409,
		"fields": {
			"keyword": "Receiving antennas",
			"parent_keyword_id": 406
		}
	},
	{
		"model": "app.ieeekeywords",
		"pk": 410,
		"fields": {
			"keyword": "Repeaters",
			"parent_keyword_id": 392
		}
	},
	{
		"model": "app.ieeekeywords",
		"pk": 411,
		"fields": {
			"keyword": "Speech codecs",
			"parent_keyword_id": 392
		}
	},
	{
		"model": "app.ieeekeywords",
		"pk": 412,
		"fields": {
			"keyword": "Telephone equipment",
			"parent_keyword_id": 392
		}
	},
	{
		"model": "app.ieeekeywords",
		"pk": 413,
		"fields": {
			"keyword": "Cellular phones",
			"parent_keyword_id": 412
		}
	},
	{
		"model": "app.ieeekeywords",
		"pk": 414,
		"fields": {
			"keyword": "Telephone sets",
			"parent_keyword_id": 412
		}
	},
	{
		"model": "app.ieeekeywords",
		"pk": 415,
		"fields": {
			"keyword": "Vocoders",
			"parent_keyword_id": 412
		}
	},
	{
		"model": "app.ieeekeywords",
		"pk": 416,
		"fields": {
			"keyword": "Transceivers",
			"parent_keyword_id": 392
		}
	},
	{
		"model": "app.ieeekeywords",
		"pk": 417,
		"fields": {
			"keyword": "Radio transceivers",
			"parent_keyword_id": 416
		}
	},
	{
		"model": "app.ieeekeywords",
		"pk": 418,
		"fields": {
			"keyword": "Transmitters",
			"parent_keyword_id": 392
		}
	},
	{
		"model": "app.ieeekeywords",
		"pk": 419,
		"fields": {
			"keyword": "Auxiliary transmitters",
			"parent_keyword_id": 418
		}
	},
	{
		"model": "app.ieeekeywords",
		"pk": 420,
		"fields": {
			"keyword": "Diversity methods",
			"parent_keyword_id": 418
		}
	},
	{
		"model": "app.ieeekeywords",
		"pk": 421,
		"fields": {
			"keyword": "Neurotransmitters",
			"parent_keyword_id": 418
		}
	},
	{
		"model": "app.ieeekeywords",
		"pk": 422,
		"fields": {
			"keyword": "Optical transmitters",
			"parent_keyword_id": 418
		}
	},
	{
		"model": "app.ieeekeywords",
		"pk": 423,
		"fields": {
			"keyword": "Radio transmitters",
			"parent_keyword_id": 418
		}
	},
	{
		"model": "app.ieeekeywords",
		"pk": 424,
		"fields": {
			"keyword": "Transmitting antennas",
			"parent_keyword_id": 418
		}
	},
	{
		"model": "app.ieeekeywords",
		"pk": 425,
		"fields": {
			"keyword": "Transponders",
			"parent_keyword_id": 392
		}
	},
	{
		"model": "app.ieeekeywords",
		"pk": 426,
		"fields": {
			"keyword": "TV equipment",
			"parent_keyword_id": 392
		}
	},
	{
		"model": "app.ieeekeywords",
		"pk": 427,
		"fields": {
			"keyword": "Large screen displays",
			"parent_keyword_id": 426
		}
	},
	{
		"model": "app.ieeekeywords",
		"pk": 428,
		"fields": {
			"keyword": "TV receivers",
			"parent_keyword_id": 426
		}
	},
	{
		"model": "app.ieeekeywords",
		"pk": 429,
		"fields": {
			"keyword": "Video codecs",
			"parent_keyword_id": 392
		}
	},
	{
		"model": "app.ieeekeywords",
		"pk": 430,
		"fields": {
			"keyword": "Video equipment",
			"parent_keyword_id": 392
		}
	},
	{
		"model": "app.ieeekeywords",
		"pk": 431,
		"fields": {
			"keyword": "Video codecs",
			"parent_keyword_id": 430
		}
	},
	{
		"model": "app.ieeekeywords",
		"pk": 432,
		"fields": {
			"keyword": "Vocoders",
			"parent_keyword_id": 392
		}
	},
	{
		"model": "app.ieeekeywords",
		"pk": 433,
		"fields": {
			"keyword": "Communication switching",
			"parent_keyword_id": 391
		}
	},
	{
		"model": "app.ieeekeywords",
		"pk": 434,
		"fields": {
			"keyword": "Code division multiplexing",
			"parent_keyword_id": 433
		}
	},
	{
		"model": "app.ieeekeywords",
		"pk": 435,
		"fields": {
			"keyword": "Electronic switching systems",
			"parent_keyword_id": 433
		}
	},
	{
		"model": "app.ieeekeywords",
		"pk": 436,
		"fields": {
			"keyword": "Frame relay",
			"parent_keyword_id": 433
		}
	},
	{
		"model": "app.ieeekeywords",
		"pk": 437,
		"fields": {
			"keyword": "Handover",
			"parent_keyword_id": 433
		}
	},
	{
		"model": "app.ieeekeywords",
		"pk": 438,
		"fields": {
			"keyword": "Multiprotocol label switching",
			"parent_keyword_id": 433
		}
	},
	{
		"model": "app.ieeekeywords",
		"pk": 439,
		"fields": {
			"keyword": "Packet switching",
			"parent_keyword_id": 433
		}
	},
	{
		"model": "app.ieeekeywords",
		"pk": 440,
		"fields": {
			"keyword": "Burst switching",
			"parent_keyword_id": 439
		}
	},
	{
		"model": "app.ieeekeywords",
		"pk": 441,
		"fields": {
			"keyword": "Frame relay",
			"parent_keyword_id": 439
		}
	},
	{
		"model": "app.ieeekeywords",
		"pk": 442,
		"fields": {
			"keyword": "Multiprotocol label switching",
			"parent_keyword_id": 439
		}
	},
	{
		"model": "app.ieeekeywords",
		"pk": 443,
		"fields": {
			"keyword": "Packet loss",
			"parent_keyword_id": 439
		}
	},
	{
		"model": "app.ieeekeywords",
		"pk": 444,
		"fields": {
			"keyword": "Communication systems",
			"parent_keyword_id": 391
		}
	},
	{
		"model": "app.ieeekeywords",
		"pk": 445,
		"fields": {
			"keyword": "ARPANET",
			"parent_keyword_id": 444
		}
	},
	{
		"model": "app.ieeekeywords",
		"pk": 446,
		"fields": {
			"keyword": "Biomedical communication",
			"parent_keyword_id": 444
		}
	},
	{
		"model": "app.ieeekeywords",
		"pk": 447,
		"fields": {
			"keyword": "Biomedical telemetry",
			"parent_keyword_id": 446
		}
	},
	{
		"model": "app.ieeekeywords",
		"pk": 448,
		"fields": {
			"keyword": "Telemedicine",
			"parent_keyword_id": 446
		}
	},
	{
		"model": "app.ieeekeywords",
		"pk": 449,
		"fields": {
			"keyword": "Broadband communication",
			"parent_keyword_id": 444
		}
	},
	{
		"model": "app.ieeekeywords",
		"pk": 450,
		"fields": {
			"keyword": "B-ISDN",
			"parent_keyword_id": 449
		}
	},
	{
		"model": "app.ieeekeywords",
		"pk": 451,
		"fields": {
			"keyword": "Broadband amplifiers",
			"parent_keyword_id": 449
		}
	},
	{
		"model": "app.ieeekeywords",
		"pk": 452,
		"fields": {
			"keyword": "Communication networks",
			"parent_keyword_id": 444
		}
	},
	{
		"model": "app.ieeekeywords",
		"pk": 453,
		"fields": {
			"keyword": "Central office",
			"parent_keyword_id": 452
		}
	},
	{
		"model": "app.ieeekeywords",
		"pk": 454,
		"fields": {
			"keyword": "Cyberspace",
			"parent_keyword_id": 452
		}
	},
	{
		"model": "app.ieeekeywords",
		"pk": 455,
		"fields": {
			"keyword": "Industrial communication",
			"parent_keyword_id": 452
		}
	},
	{
		"model": "app.ieeekeywords",
		"pk": 456,
		"fields": {
			"keyword": "Relay networks(telecommunications)",
			"parent_keyword_id": 452
		}
	},
	{
		"model": "app.ieeekeywords",
		"pk": 457,
		"fields": {
			"keyword": "Software defined networking",
			"parent_keyword_id": 452
		}
	},
	{
		"model": "app.ieeekeywords",
		"pk": 458,
		"fields": {
			"keyword": "Communication system control",
			"parent_keyword_id": 444
		}
	},
	{
		"model": "app.ieeekeywords",
		"pk": 459,
		"fields": {
			"keyword": "Telecommunication control",
			"parent_keyword_id": 458
		}
	},
	{
		"model": "app.ieeekeywords",
		"pk": 460,
		"fields": {
			"keyword": "Communication system security",
			"parent_keyword_id": 444
		}
	},
	{
		"model": "app.ieeekeywords",
		"pk": 461,
		"fields": {
			"keyword": "Radio communication countermeasures",
			"parent_keyword_id": 460
		}
	},
	{
		"model": "app.ieeekeywords",
		"pk": 462,
		"fields": {
			"keyword": "Communication system signaling",
			"parent_keyword_id": 444
		}
	},
	{
		"model": "app.ieeekeywords",
		"pk": 463,
		"fields": {
			"keyword": "Communication system software",
			"parent_keyword_id": 444
		}
	},
	{
		"model": "app.ieeekeywords",
		"pk": 464,
		"fields": {
			"keyword": "Streaming media",
			"parent_keyword_id": 463
		}
	},
	{
		"model": "app.ieeekeywords",
		"pk": 465,
		"fields": {
			"keyword": "Communication system traffic",
			"parent_keyword_id": 444
		}
	},
	{
		"model": "app.ieeekeywords",
		"pk": 466,
		"fields": {
			"keyword": "Communication system traffic control",
			"parent_keyword_id": 444
		}
	},
	{
		"model": "app.ieeekeywords",
		"pk": 467,
		"fields": {
			"keyword": "Computer networks",
			"parent_keyword_id": 444
		}
	},
	{
		"model": "app.ieeekeywords",
		"pk": 468,
		"fields": {
			"keyword": "Ad hoc networks",
			"parent_keyword_id": 467
		}
	},
	{
		"model": "app.ieeekeywords",
		"pk": 469,
		"fields": {
			"keyword": "Computer network management",
			"parent_keyword_id": 467
		}
	},
	{
		"model": "app.ieeekeywords",
		"pk": 470,
		"fields": {
			"keyword": "Content distribution networks",
			"parent_keyword_id": 467
		}
	},
	{
		"model": "app.ieeekeywords",
		"pk": 471,
		"fields": {
			"keyword": "Cyberspace",
			"parent_keyword_id": 467
		}
	},
	{
		"model": "app.ieeekeywords",
		"pk": 472,
		"fields": {
			"keyword": "Diffserv networks",
			"parent_keyword_id": 467
		}
	},
	{
		"model": "app.ieeekeywords",
		"pk": 473,
		"fields": {
			"keyword": "Domain Name System",
			"parent_keyword_id": 467
		}
	},
	{
		"model": "app.ieeekeywords",
		"pk": 474,
		"fields": {
			"keyword": "Ethernet networks",
			"parent_keyword_id": 467
		}
	},
	{
		"model": "app.ieeekeywords",
		"pk": 475,
		"fields": {
			"keyword": "Google",
			"parent_keyword_id": 467
		}
	},
	{
		"model": "app.ieeekeywords",
		"pk": 476,
		"fields": {
			"keyword": "Internet",
			"parent_keyword_id": 467
		}
	},
	{
		"model": "app.ieeekeywords",
		"pk": 477,
		"fields": {
			"keyword": "Intserv networks",
			"parent_keyword_id": 467
		}
	},
	{
		"model": "app.ieeekeywords",
		"pk": 478,
		"fields": {
			"keyword": "IP networks",
			"parent_keyword_id": 467
		}
	},
	{
		"model": "app.ieeekeywords",
		"pk": 479,
		"fields": {
			"keyword": "Metropolitan area networks",
			"parent_keyword_id": 467
		}
	},
	{
		"model": "app.ieeekeywords",
		"pk": 480,
		"fields": {
			"keyword": "Multiprocessor interconnection networks",
			"parent_keyword_id": 467
		}
	},
	{
		"model": "app.ieeekeywords",
		"pk": 481,
		"fields": {
			"keyword": "Network servers",
			"parent_keyword_id": 467
		}
	},
	{
		"model": "app.ieeekeywords",
		"pk": 482,
		"fields": {
			"keyword": "Next generation networking",
			"parent_keyword_id": 467
		}
	},
	{
		"model": "app.ieeekeywords",
		"pk": 483,
		"fields": {
			"keyword": "Overlay networks",
			"parent_keyword_id": 467
		}
	},
	{
		"model": "app.ieeekeywords",
		"pk": 484,
		"fields": {
			"keyword": "Peer-to-peer computing",
			"parent_keyword_id": 467
		}
	},
	{
		"model": "app.ieeekeywords",
		"pk": 485,
		"fields": {
			"keyword": "Software defined networking",
			"parent_keyword_id": 467
		}
	},
	{
		"model": "app.ieeekeywords",
		"pk": 486,
		"fields": {
			"keyword": "Storage area networks",
			"parent_keyword_id": 467
		}
	},
	{
		"model": "app.ieeekeywords",
		"pk": 487,
		"fields": {
			"keyword": "Token networks",
			"parent_keyword_id": 467
		}
	},
	{
		"model": "app.ieeekeywords",
		"pk": 488,
		"fields": {
			"keyword": "Unicast",
			"parent_keyword_id": 467
		}
	},
	{
		"model": "app.ieeekeywords",
		"pk": 489,
		"fields": {
			"keyword": "Virtual private networks",
			"parent_keyword_id": 467
		}
	},
	{
		"model": "app.ieeekeywords",
		"pk": 490,
		"fields": {
			"keyword": "Wide area networks",
			"parent_keyword_id": 467
		}
	},
	{
		"model": "app.ieeekeywords",
		"pk": 491,
		"fields": {
			"keyword": "Cross layer design",
			"parent_keyword_id": 444
		}
	},
	{
		"model": "app.ieeekeywords",
		"pk": 492,
		"fields": {
			"keyword": "Data buses",
			"parent_keyword_id": 444
		}
	},
	{
		"model": "app.ieeekeywords",
		"pk": 493,
		"fields": {
			"keyword": "Backplanes",
			"parent_keyword_id": 492
		}
	},
	{
		"model": "app.ieeekeywords",
		"pk": 494,
		"fields": {
			"keyword": "Data communication",
			"parent_keyword_id": 444
		}
	},
	{
		"model": "app.ieeekeywords",
		"pk": 495,
		"fields": {
			"keyword": "Asynchronous communication",
			"parent_keyword_id": 494
		}
	},
	{
		"model": "app.ieeekeywords",
		"pk": 496,
		"fields": {
			"keyword": "Asynchronous transfer mode",
			"parent_keyword_id": 494
		}
	},
	{
		"model": "app.ieeekeywords",
		"pk": 497,
		"fields": {
			"keyword": "Data buses",
			"parent_keyword_id": 494
		}
	},
	{
		"model": "app.ieeekeywords",
		"pk": 498,
		"fields": {
			"keyword": "Data transfer",
			"parent_keyword_id": 494
		}
	},
	{
		"model": "app.ieeekeywords",
		"pk": 499,
		"fields": {
			"keyword": "Telecommunication buffers",
			"parent_keyword_id": 494
		}
	},
	{
		"model": "app.ieeekeywords",
		"pk": 500,
		"fields": {
			"keyword": "Telemetry",
			"parent_keyword_id": 494
		}
	},
	{
		"model": "app.ieeekeywords",
		"pk": 501,
		"fields": {
			"keyword": "Teleprinting",
			"parent_keyword_id": 494
		}
	},
	{
		"model": "app.ieeekeywords",
		"pk": 502,
		"fields": {
			"keyword": "Digital communication",
			"parent_keyword_id": 444
		}
	},
	{
		"model": "app.ieeekeywords",
		"pk": 503,
		"fields": {
			"keyword": "Baseband",
			"parent_keyword_id": 502
		}
	},
	{
		"model": "app.ieeekeywords",
		"pk": 504,
		"fields": {
			"keyword": "DICOM",
			"parent_keyword_id": 502
		}
	},
	{
		"model": "app.ieeekeywords",
		"pk": 505,
		"fields": {
			"keyword": "Digital audio broadcasting",
			"parent_keyword_id": 502
		}
	},
	{
		"model": "app.ieeekeywords",
		"pk": 506,
		"fields": {
			"keyword": "Digital images",
			"parent_keyword_id": 502
		}
	},
	{
		"model": "app.ieeekeywords",
		"pk": 507,
		"fields": {
			"keyword": "Digital multimedia broadcasting",
			"parent_keyword_id": 502
		}
	},
	{
		"model": "app.ieeekeywords",
		"pk": 508,
		"fields": {
			"keyword": "Digital video broadcasting",
			"parent_keyword_id": 502
		}
	},
	{
		"model": "app.ieeekeywords",
		"pk": 509,
		"fields": {
			"keyword": "DSL",
			"parent_keyword_id": 502
		}
	},
	{
		"model": "app.ieeekeywords",
		"pk": 510,
		"fields": {
			"keyword": "ISDN",
			"parent_keyword_id": 502
		}
	},
	{
		"model": "app.ieeekeywords",
		"pk": 511,
		"fields": {
			"keyword": "Passband",
			"parent_keyword_id": 502
		}
	},
	{
		"model": "app.ieeekeywords",
		"pk": 512,
		"fields": {
			"keyword": "Portable media players",
			"parent_keyword_id": 502
		}
	},
	{
		"model": "app.ieeekeywords",
		"pk": 513,
		"fields": {
			"keyword": "SONET",
			"parent_keyword_id": 502
		}
	},
	{
		"model": "app.ieeekeywords",
		"pk": 514,
		"fields": {
			"keyword": "Spread spectrum communication",
			"parent_keyword_id": 502
		}
	},
	{
		"model": "app.ieeekeywords",
		"pk": 515,
		"fields": {
			"keyword": "Facsimile",
			"parent_keyword_id": 444
		}
	},
	{
		"model": "app.ieeekeywords",
		"pk": 516,
		"fields": {
			"keyword": "FDDI",
			"parent_keyword_id": 444
		}
	},
	{
		"model": "app.ieeekeywords",
		"pk": 517,
		"fields": {
			"keyword": "Indoor communication",
			"parent_keyword_id": 444
		}
	},
	{
		"model": "app.ieeekeywords",
		"pk": 518,
		"fields": {
			"keyword": "Indoor environments",
			"parent_keyword_id": 517
		}
	},
	{
		"model": "app.ieeekeywords",
		"pk": 519,
		"fields": {
			"keyword": "Internet",
			"parent_keyword_id": 444
		}
	},
	{
		"model": "app.ieeekeywords",
		"pk": 520,
		"fields": {
			"keyword": "Crowdsourcing",
			"parent_keyword_id": 519
		}
	},
	{
		"model": "app.ieeekeywords",
		"pk": 521,
		"fields": {
			"keyword": "Instant messaging",
			"parent_keyword_id": 519
		}
	},
	{
		"model": "app.ieeekeywords",
		"pk": 522,
		"fields": {
			"keyword": "Internet of Things",
			"parent_keyword_id": 519
		}
	},
	{
		"model": "app.ieeekeywords",
		"pk": 523,
		"fields": {
			"keyword": "Internet telephony",
			"parent_keyword_id": 519
		}
	},
	{
		"model": "app.ieeekeywords",
		"pk": 524,
		"fields": {
			"keyword": "Internet topology",
			"parent_keyword_id": 519
		}
	},
	{
		"model": "app.ieeekeywords",
		"pk": 525,
		"fields": {
			"keyword": "Middleboxes",
			"parent_keyword_id": 519
		}
	},
	{
		"model": "app.ieeekeywords",
		"pk": 526,
		"fields": {
			"keyword": "Semantic Web",
			"parent_keyword_id": 519
		}
	},
	{
		"model": "app.ieeekeywords",
		"pk": 527,
		"fields": {
			"keyword": "Social computing",
			"parent_keyword_id": 519
		}
	},
	{
		"model": "app.ieeekeywords",
		"pk": 528,
		"fields": {
			"keyword": "Web 2.0",
			"parent_keyword_id": 519
		}
	},
	{
		"model": "app.ieeekeywords",
		"pk": 529,
		"fields": {
			"keyword": "Web services",
			"parent_keyword_id": 519
		}
	},
	{
		"model": "app.ieeekeywords",
		"pk": 530,
		"fields": {
			"keyword": "IP networks",
			"parent_keyword_id": 444
		}
	},
	{
		"model": "app.ieeekeywords",
		"pk": 531,
		"fields": {
			"keyword": "TCPIP",
			"parent_keyword_id": 530
		}
	},
	{
		"model": "app.ieeekeywords",
		"pk": 532,
		"fields": {
			"keyword": "ISDN",
			"parent_keyword_id": 444
		}
	},
	{
		"model": "app.ieeekeywords",
		"pk": 533,
		"fields": {
			"keyword": "B-ISDN",
			"parent_keyword_id": 532
		}
	},
	{
		"model": "app.ieeekeywords",
		"pk": 534,
		"fields": {
			"keyword": "Land mobile radio cellular systems",
			"parent_keyword_id": 444
		}
	},
	{
		"model": "app.ieeekeywords",
		"pk": 535,
		"fields": {
			"keyword": "Cellular networks",
			"parent_keyword_id": 534
		}
	},
	{
		"model": "app.ieeekeywords",
		"pk": 536,
		"fields": {
			"keyword": "Paging strategies",
			"parent_keyword_id": 534
		}
	},
	{
		"model": "app.ieeekeywords",
		"pk": 537,
		"fields": {
			"keyword": "Local area networks",
			"parent_keyword_id": 444
		}
	},
	{
		"model": "app.ieeekeywords",
		"pk": 538,
		"fields": {
			"keyword": "Wireless LAN",
			"parent_keyword_id": 537
		}
	},
	{
		"model": "app.ieeekeywords",
		"pk": 539,
		"fields": {
			"keyword": "Machine-to-machine communications",
			"parent_keyword_id": 444
		}
	},
	{
		"model": "app.ieeekeywords",
		"pk": 540,
		"fields": {
			"keyword": "Metropolitan area networks",
			"parent_keyword_id": 444
		}
	},
	{
		"model": "app.ieeekeywords",
		"pk": 541,
		"fields": {
			"keyword": "Microwave communication",
			"parent_keyword_id": 444
		}
	},
	{
		"model": "app.ieeekeywords",
		"pk": 542,
		"fields": {
			"keyword": "Rectennas",
			"parent_keyword_id": 541
		}
	},
	{
		"model": "app.ieeekeywords",
		"pk": 543,
		"fields": {
			"keyword": "Military communication",
			"parent_keyword_id": 444
		}
	},
	{
		"model": "app.ieeekeywords",
		"pk": 544,
		"fields": {
			"keyword": "Reconnaissance",
			"parent_keyword_id": 543
		}
	},
	{
		"model": "app.ieeekeywords",
		"pk": 545,
		"fields": {
			"keyword": "Millimeter wave communication",
			"parent_keyword_id": 444
		}
	},
	{
		"model": "app.ieeekeywords",
		"pk": 546,
		"fields": {
			"keyword": "MIMO",
			"parent_keyword_id": 444
		}
	},
	{
		"model": "app.ieeekeywords",
		"pk": 547,
		"fields": {
			"keyword": "Rician channels",
			"parent_keyword_id": 546
		}
	},
	{
		"model": "app.ieeekeywords",
		"pk": 548,
		"fields": {
			"keyword": "Mobile communication",
			"parent_keyword_id": 444
		}
	},
	{
		"model": "app.ieeekeywords",
		"pk": 549,
		"fields": {
			"keyword": "3G mobile communication",
			"parent_keyword_id": 548
		}
	},
	{
		"model": "app.ieeekeywords",
		"pk": 550,
		"fields": {
			"keyword": "4G mobile communication",
			"parent_keyword_id": 548
		}
	},
	{
		"model": "app.ieeekeywords",
		"pk": 551,
		"fields": {
			"keyword": "Ambient networks",
			"parent_keyword_id": 548
		}
	},
	{
		"model": "app.ieeekeywords",
		"pk": 552,
		"fields": {
			"keyword": "Dual band",
			"parent_keyword_id": 548
		}
	},
	{
		"model": "app.ieeekeywords",
		"pk": 553,
		"fields": {
			"keyword": "Land mobile radio",
			"parent_keyword_id": 548
		}
	},
	{
		"model": "app.ieeekeywords",
		"pk": 554,
		"fields": {
			"keyword": "Land mobile radio cellular systems",
			"parent_keyword_id": 548
		}
	},
	{
		"model": "app.ieeekeywords",
		"pk": 555,
		"fields": {
			"keyword": "Mobile nodes",
			"parent_keyword_id": 548
		}
	},
	{
		"model": "app.ieeekeywords",
		"pk": 556,
		"fields": {
			"keyword": "Mobile radio mobility management",
			"parent_keyword_id": 548
		}
	},
	{
		"model": "app.ieeekeywords",
		"pk": 557,
		"fields": {
			"keyword": "Software radio",
			"parent_keyword_id": 548
		}
	},
	{
		"model": "app.ieeekeywords",
		"pk": 558,
		"fields": {
			"keyword": "Molecular communication",
			"parent_keyword_id": 444
		}
	},
	{
		"model": "app.ieeekeywords",
		"pk": 559,
		"fields": {
			"keyword": "Multiaccess communication",
			"parent_keyword_id": 444
		}
	},
	{
		"model": "app.ieeekeywords",
		"pk": 560,
		"fields": {
			"keyword": "Direct-sequence code-division multiple access",
			"parent_keyword_id": 559
		}
	},
	{
		"model": "app.ieeekeywords",
		"pk": 561,
		"fields": {
			"keyword": "Frequency division multiaccess",
			"parent_keyword_id": 559
		}
	},
	{
		"model": "app.ieeekeywords",
		"pk": 562,
		"fields": {
			"keyword": "Multicarrier code division multiple access",
			"parent_keyword_id": 559
		}
	},
	{
		"model": "app.ieeekeywords",
		"pk": 563,
		"fields": {
			"keyword": "Subscriber loops",
			"parent_keyword_id": 559
		}
	},
	{
		"model": "app.ieeekeywords",
		"pk": 564,
		"fields": {
			"keyword": "Time division multiple access",
			"parent_keyword_id": 559
		}
	},
	{
		"model": "app.ieeekeywords",
		"pk": 565,
		"fields": {
			"keyword": "Time division synchronous code division multiple access",
			"parent_keyword_id": 559
		}
	},
	{
		"model": "app.ieeekeywords",
		"pk": 566,
		"fields": {
			"keyword": "Multicast communication",
			"parent_keyword_id": 444
		}
	},
	{
		"model": "app.ieeekeywords",
		"pk": 567,
		"fields": {
			"keyword": "Multicast VPN",
			"parent_keyword_id": 566
		}
	},
	{
		"model": "app.ieeekeywords",
		"pk": 568,
		"fields": {
			"keyword": "Multimedia communication",
			"parent_keyword_id": 444
		}
	},
	{
		"model": "app.ieeekeywords",
		"pk": 569,
		"fields": {
			"keyword": "Narrowband",
			"parent_keyword_id": 444
		}
	},
	{
		"model": "app.ieeekeywords",
		"pk": 570,
		"fields": {
			"keyword": "Optical fiber communication",
			"parent_keyword_id": 444
		}
	},
	{
		"model": "app.ieeekeywords",
		"pk": 571,
		"fields": {
			"keyword": "FDDI",
			"parent_keyword_id": 570
		}
	},
	{
		"model": "app.ieeekeywords",
		"pk": 572,
		"fields": {
			"keyword": "Optical buffering",
			"parent_keyword_id": 570
		}
	},
	{
		"model": "app.ieeekeywords",
		"pk": 573,
		"fields": {
			"keyword": "Optical fiber networks",
			"parent_keyword_id": 570
		}
	},
	{
		"model": "app.ieeekeywords",
		"pk": 574,
		"fields": {
			"keyword": "Optical fiber subscriber loops",
			"parent_keyword_id": 570
		}
	},
	{
		"model": "app.ieeekeywords",
		"pk": 575,
		"fields": {
			"keyword": "Optical interconnections",
			"parent_keyword_id": 570
		}
	},
	{
		"model": "app.ieeekeywords",
		"pk": 576,
		"fields": {
			"keyword": "Optical packet switching",
			"parent_keyword_id": 570
		}
	},
	{
		"model": "app.ieeekeywords",
		"pk": 577,
		"fields": {
			"keyword": "Optical wavelength conversion",
			"parent_keyword_id": 570
		}
	},
	{
		"model": "app.ieeekeywords",
		"pk": 578,
		"fields": {
			"keyword": "Scheduling algorithms",
			"parent_keyword_id": 570
		}
	},
	{
		"model": "app.ieeekeywords",
		"pk": 579,
		"fields": {
			"keyword": "SONET",
			"parent_keyword_id": 570
		}
	},
	{
		"model": "app.ieeekeywords",
		"pk": 580,
		"fields": {
			"keyword": "Personal communication networks",
			"parent_keyword_id": 444
		}
	},
	{
		"model": "app.ieeekeywords",
		"pk": 581,
		"fields": {
			"keyword": "Protocols",
			"parent_keyword_id": 444
		}
	},
	{
		"model": "app.ieeekeywords",
		"pk": 582,
		"fields": {
			"keyword": "Access protocols",
			"parent_keyword_id": 581
		}
	},
	{
		"model": "app.ieeekeywords",
		"pk": 583,
		"fields": {
			"keyword": "Asynchronous transfer mode",
			"parent_keyword_id": 581
		}
	},
	{
		"model": "app.ieeekeywords",
		"pk": 584,
		"fields": {
			"keyword": "Cryptographic protocols",
			"parent_keyword_id": 581
		}
	},
	{
		"model": "app.ieeekeywords",
		"pk": 585,
		"fields": {
			"keyword": "Master-slave",
			"parent_keyword_id": 581
		}
	},
	{
		"model": "app.ieeekeywords",
		"pk": 586,
		"fields": {
			"keyword": "Multicast protocols",
			"parent_keyword_id": 581
		}
	},
	{
		"model": "app.ieeekeywords",
		"pk": 587,
		"fields": {
			"keyword": "Multiprotocol label switching",
			"parent_keyword_id": 581
		}
	},
	{
		"model": "app.ieeekeywords",
		"pk": 588,
		"fields": {
			"keyword": "Routing protocols",
			"parent_keyword_id": 581
		}
	},
	{
		"model": "app.ieeekeywords",
		"pk": 589,
		"fields": {
			"keyword": "Transport protocols",
			"parent_keyword_id": 581
		}
	},
	{
		"model": "app.ieeekeywords",
		"pk": 590,
		"fields": {
			"keyword": "Wireless application protocol",
			"parent_keyword_id": 581
		}
	},
	{
		"model": "app.ieeekeywords",
		"pk": 591,
		"fields": {
			"keyword": "Quality of service",
			"parent_keyword_id": 444
		}
	},
	{
		"model": "app.ieeekeywords",
		"pk": 592,
		"fields": {
			"keyword": "Admission control",
			"parent_keyword_id": 591
		}
	},
	{
		"model": "app.ieeekeywords",
		"pk": 593,
		"fields": {
			"keyword": "Radio communication",
			"parent_keyword_id": 444
		}
	},
	{
		"model": "app.ieeekeywords",
		"pk": 594,
		"fields": {
			"keyword": "Baseband",
			"parent_keyword_id": 593
		}
	},
	{
		"model": "app.ieeekeywords",
		"pk": 595,
		"fields": {
			"keyword": "Bluetooth",
			"parent_keyword_id": 593
		}
	},
	{
		"model": "app.ieeekeywords",
		"pk": 596,
		"fields": {
			"keyword": "Indoor radio communication",
			"parent_keyword_id": 593
		}
	},
	{
		"model": "app.ieeekeywords",
		"pk": 597,
		"fields": {
			"keyword": "Land mobile radio",
			"parent_keyword_id": 593
		}
	},
	{
		"model": "app.ieeekeywords",
		"pk": 598,
		"fields": {
			"keyword": "Land mobile radio cellular systems",
			"parent_keyword_id": 593
		}
	},
	{
		"model": "app.ieeekeywords",
		"pk": 599,
		"fields": {
			"keyword": "Packet radio networks",
			"parent_keyword_id": 593
		}
	},
	{
		"model": "app.ieeekeywords",
		"pk": 600,
		"fields": {
			"keyword": "Passband",
			"parent_keyword_id": 593
		}
	},
	{
		"model": "app.ieeekeywords",
		"pk": 601,
		"fields": {
			"keyword": "Personal area networks",
			"parent_keyword_id": 593
		}
	},
	{
		"model": "app.ieeekeywords",
		"pk": 602,
		"fields": {
			"keyword": "Radio broadcasting",
			"parent_keyword_id": 593
		}
	},
	{
		"model": "app.ieeekeywords",
		"pk": 603,
		"fields": {
			"keyword": "Radio communication countermeasures",
			"parent_keyword_id": 593
		}
	},
	{
		"model": "app.ieeekeywords",
		"pk": 604,
		"fields": {
			"keyword": "Radio frequency",
			"parent_keyword_id": 593
		}
	},
	{
		"model": "app.ieeekeywords",
		"pk": 605,
		"fields": {
			"keyword": "Radio link",
			"parent_keyword_id": 593
		}
	},
	{
		"model": "app.ieeekeywords",
		"pk": 606,
		"fields": {
			"keyword": "Radio spectrum management",
			"parent_keyword_id": 593
		}
	},
	{
		"model": "app.ieeekeywords",
		"pk": 607,
		"fields": {
			"keyword": "Satellite communication",
			"parent_keyword_id": 593
		}
	},
	{
		"model": "app.ieeekeywords",
		"pk": 608,
		"fields": {
			"keyword": "Satellite ground stations",
			"parent_keyword_id": 593
		}
	},
	{
		"model": "app.ieeekeywords",
		"pk": 609,
		"fields": {
			"keyword": "Software radio",
			"parent_keyword_id": 593
		}
	},
	{
		"model": "app.ieeekeywords",
		"pk": 610,
		"fields": {
			"keyword": "Zigbee",
			"parent_keyword_id": 593
		}
	},
	{
		"model": "app.ieeekeywords",
		"pk": 611,
		"fields": {
			"keyword": "Routing",
			"parent_keyword_id": 444
		}
	},
	{
		"model": "app.ieeekeywords",
		"pk": 612,
		"fields": {
			"keyword": "Wavelength routing",
			"parent_keyword_id": 611
		}
	},
	{
		"model": "app.ieeekeywords",
		"pk": 613,
		"fields": {
			"keyword": "Satellite communication",
			"parent_keyword_id": 444
		}
	},
	{
		"model": "app.ieeekeywords",
		"pk": 614,
		"fields": {
			"keyword": "Downlink",
			"parent_keyword_id": 613
		}
	},
	{
		"model": "app.ieeekeywords",
		"pk": 615,
		"fields": {
			"keyword": "Satellite broadcasting",
			"parent_keyword_id": 613
		}
	},
	{
		"model": "app.ieeekeywords",
		"pk": 616,
		"fields": {
			"keyword": "Satellite ground stations",
			"parent_keyword_id": 613
		}
	},
	{
		"model": "app.ieeekeywords",
		"pk": 617,
		"fields": {
			"keyword": "Uplink",
			"parent_keyword_id": 613
		}
	},
	{
		"model": "app.ieeekeywords",
		"pk": 618,
		"fields": {
			"keyword": "Satellite ground stations",
			"parent_keyword_id": 444
		}
	},
	{
		"model": "app.ieeekeywords",
		"pk": 619,
		"fields": {
			"keyword": "SIMO",
			"parent_keyword_id": 444
		}
	},
	{
		"model": "app.ieeekeywords",
		"pk": 620,
		"fields": {
			"keyword": "SISO",
			"parent_keyword_id": 444
		}
	},
	{
		"model": "app.ieeekeywords",
		"pk": 621,
		"fields": {
			"keyword": "Spatial diversity",
			"parent_keyword_id": 444
		}
	},
	{
		"model": "app.ieeekeywords",
		"pk": 622,
		"fields": {
			"keyword": "Submillimeter wave communication",
			"parent_keyword_id": 444
		}
	},
	{
		"model": "app.ieeekeywords",
		"pk": 623,
		"fields": {
			"keyword": "Subscriber loops",
			"parent_keyword_id": 444
		}
	},
	{
		"model": "app.ieeekeywords",
		"pk": 624,
		"fields": {
			"keyword": "Switching systems",
			"parent_keyword_id": 444
		}
	},
	{
		"model": "app.ieeekeywords",
		"pk": 625,
		"fields": {
			"keyword": "Electronic switching systems",
			"parent_keyword_id": 624
		}
	},
	{
		"model": "app.ieeekeywords",
		"pk": 626,
		"fields": {
			"keyword": "Switching frequency",
			"parent_keyword_id": 624
		}
	},
	{
		"model": "app.ieeekeywords",
		"pk": 627,
		"fields": {
			"keyword": "Switching loss",
			"parent_keyword_id": 624
		}
	},
	{
		"model": "app.ieeekeywords",
		"pk": 628,
		"fields": {
			"keyword": "Telecommunication switching",
			"parent_keyword_id": 624
		}
	},
	{
		"model": "app.ieeekeywords",
		"pk": 629,
		"fields": {
			"keyword": "Synchronous digital hierarchy",
			"parent_keyword_id": 444
		}
	},
	{
		"model": "app.ieeekeywords",
		"pk": 630,
		"fields": {
			"keyword": "Telecommunications",
			"parent_keyword_id": 444
		}
	},
	{
		"model": "app.ieeekeywords",
		"pk": 631,
		"fields": {
			"keyword": "Ambient intelligence",
			"parent_keyword_id": 630
		}
	},
	{
		"model": "app.ieeekeywords",
		"pk": 632,
		"fields": {
			"keyword": "Feedback communications",
			"parent_keyword_id": 630
		}
	},
	{
		"model": "app.ieeekeywords",
		"pk": 633,
		"fields": {
			"keyword": "IP networks",
			"parent_keyword_id": 630
		}
	},
	{
		"model": "app.ieeekeywords",
		"pk": 634,
		"fields": {
			"keyword": "Radio access networks",
			"parent_keyword_id": 630
		}
	},
	{
		"model": "app.ieeekeywords",
		"pk": 635,
		"fields": {
			"keyword": "Railway communication",
			"parent_keyword_id": 630
		}
	},
	{
		"model": "app.ieeekeywords",
		"pk": 636,
		"fields": {
			"keyword": "Telecommunication computing",
			"parent_keyword_id": 630
		}
	},
	{
		"model": "app.ieeekeywords",
		"pk": 637,
		"fields": {
			"keyword": "Telecommunication network topology",
			"parent_keyword_id": 630
		}
	},
	{
		"model": "app.ieeekeywords",
		"pk": 638,
		"fields": {
			"keyword": "Telecommunication services",
			"parent_keyword_id": 630
		}
	},
	{
		"model": "app.ieeekeywords",
		"pk": 639,
		"fields": {
			"keyword": "Telematics",
			"parent_keyword_id": 630
		}
	},
	{
		"model": "app.ieeekeywords",
		"pk": 640,
		"fields": {
			"keyword": "Teleconferencing",
			"parent_keyword_id": 444
		}
	},
	{
		"model": "app.ieeekeywords",
		"pk": 641,
		"fields": {
			"keyword": "Telegraphy",
			"parent_keyword_id": 444
		}
	},
	{
		"model": "app.ieeekeywords",
		"pk": 642,
		"fields": {
			"keyword": "Telephony",
			"parent_keyword_id": 444
		}
	},
	{
		"model": "app.ieeekeywords",
		"pk": 643,
		"fields": {
			"keyword": "Teleprinting",
			"parent_keyword_id": 444
		}
	},
	{
		"model": "app.ieeekeywords",
		"pk": 644,
		"fields": {
			"keyword": "Teletext",
			"parent_keyword_id": 444
		}
	},
	{
		"model": "app.ieeekeywords",
		"pk": 645,
		"fields": {
			"keyword": "Token networks",
			"parent_keyword_id": 444
		}
	},
	{
		"model": "app.ieeekeywords",
		"pk": 646,
		"fields": {
			"keyword": "UHF communication",
			"parent_keyword_id": 444
		}
	},
	{
		"model": "app.ieeekeywords",
		"pk": 647,
		"fields": {
			"keyword": "Underwater communication",
			"parent_keyword_id": 444
		}
	},
	{
		"model": "app.ieeekeywords",
		"pk": 648,
		"fields": {
			"keyword": "Videophone systems",
			"parent_keyword_id": 444
		}
	},
	{
		"model": "app.ieeekeywords",
		"pk": 649,
		"fields": {
			"keyword": "Videotex",
			"parent_keyword_id": 444
		}
	},
	{
		"model": "app.ieeekeywords",
		"pk": 650,
		"fields": {
			"keyword": "Visual communication",
			"parent_keyword_id": 444
		}
	},
	{
		"model": "app.ieeekeywords",
		"pk": 651,
		"fields": {
			"keyword": "Wide area networks",
			"parent_keyword_id": 444
		}
	},
	{
		"model": "app.ieeekeywords",
		"pk": 652,
		"fields": {
			"keyword": "Wideband",
			"parent_keyword_id": 444
		}
	},
	{
		"model": "app.ieeekeywords",
		"pk": 653,
		"fields": {
			"keyword": "Wireless communication",
			"parent_keyword_id": 444
		}
	},
	{
		"model": "app.ieeekeywords",
		"pk": 654,
		"fields": {
			"keyword": "Cognitive radio",
			"parent_keyword_id": 653
		}
	},
	{
		"model": "app.ieeekeywords",
		"pk": 655,
		"fields": {
			"keyword": "Cooperative communication",
			"parent_keyword_id": 653
		}
	},
	{
		"model": "app.ieeekeywords",
		"pk": 656,
		"fields": {
			"keyword": "GSM",
			"parent_keyword_id": 653
		}
	},
	{
		"model": "app.ieeekeywords",
		"pk": 657,
		"fields": {
			"keyword": "Open wireless architecture",
			"parent_keyword_id": 653
		}
	},
	{
		"model": "app.ieeekeywords",
		"pk": 658,
		"fields": {
			"keyword": "Roaming",
			"parent_keyword_id": 653
		}
	},
	{
		"model": "app.ieeekeywords",
		"pk": 659,
		"fields": {
			"keyword": "Spatial diversity",
			"parent_keyword_id": 653
		}
	},
	{
		"model": "app.ieeekeywords",
		"pk": 660,
		"fields": {
			"keyword": "WiMAX",
			"parent_keyword_id": 653
		}
	},
	{
		"model": "app.ieeekeywords",
		"pk": 661,
		"fields": {
			"keyword": "Wireless application protocol",
			"parent_keyword_id": 653
		}
	},
	{
		"model": "app.ieeekeywords",
		"pk": 662,
		"fields": {
			"keyword": "Wireless networks",
			"parent_keyword_id": 653
		}
	},
	{
		"model": "app.ieeekeywords",
		"pk": 663,
		"fields": {
			"keyword": "Wireless mesh networks",
			"parent_keyword_id": 444
		}
	},
	{
		"model": "app.ieeekeywords",
		"pk": 664,
		"fields": {
			"keyword": "Wireless sensor networks",
			"parent_keyword_id": 444
		}
	},
	{
		"model": "app.ieeekeywords",
		"pk": 665,
		"fields": {
			"keyword": "Body sensor networks",
			"parent_keyword_id": 664
		}
	},
	{
		"model": "app.ieeekeywords",
		"pk": 666,
		"fields": {
			"keyword": "Event detection",
			"parent_keyword_id": 664
		}
	},
	{
		"model": "app.ieeekeywords",
		"pk": 667,
		"fields": {
			"keyword": "Couplers",
			"parent_keyword_id": 391
		}
	},
	{
		"model": "app.ieeekeywords",
		"pk": 668,
		"fields": {
			"keyword": "Directional couplers",
			"parent_keyword_id": 667
		}
	},
	{
		"model": "app.ieeekeywords",
		"pk": 669,
		"fields": {
			"keyword": "High-speed electronics",
			"parent_keyword_id": 391
		}
	},
	{
		"model": "app.ieeekeywords",
		"pk": 670,
		"fields": {
			"keyword": "High-speed integrated circuits",
			"parent_keyword_id": 669
		}
	},
	{
		"model": "app.ieeekeywords",
		"pk": 671,
		"fields": {
			"keyword": "High-speed networks",
			"parent_keyword_id": 669
		}
	},
	{
		"model": "app.ieeekeywords",
		"pk": 672,
		"fields": {
			"keyword": "Ultrafast electronics",
			"parent_keyword_id": 669
		}
	},
	{
		"model": "app.ieeekeywords",
		"pk": 673,
		"fields": {
			"keyword": "Image communication",
			"parent_keyword_id": 391
		}
	},
	{
		"model": "app.ieeekeywords",
		"pk": 674,
		"fields": {
			"keyword": "Facsimile",
			"parent_keyword_id": 673
		}
	},
	{
		"model": "app.ieeekeywords",
		"pk": 675,
		"fields": {
			"keyword": "Picture archiving and communication systems",
			"parent_keyword_id": 673
		}
	},
	{
		"model": "app.ieeekeywords",
		"pk": 676,
		"fields": {
			"keyword": "Message systems",
			"parent_keyword_id": 391
		}
	},
	{
		"model": "app.ieeekeywords",
		"pk": 677,
		"fields": {
			"keyword": "Electronic mail",
			"parent_keyword_id": 676
		}
	},
	{
		"model": "app.ieeekeywords",
		"pk": 678,
		"fields": {
			"keyword": "Unified messaging",
			"parent_keyword_id": 677
		}
	},
	{
		"model": "app.ieeekeywords",
		"pk": 679,
		"fields": {
			"keyword": "Unsolicited electronic mail",
			"parent_keyword_id": 677
		}
	},
	{
		"model": "app.ieeekeywords",
		"pk": 680,
		"fields": {
			"keyword": "Electronic messaging",
			"parent_keyword_id": 676
		}
	},
	{
		"model": "app.ieeekeywords",
		"pk": 681,
		"fields": {
			"keyword": "Instant messaging",
			"parent_keyword_id": 680
		}
	},
	{
		"model": "app.ieeekeywords",
		"pk": 682,
		"fields": {
			"keyword": "Unified messaging",
			"parent_keyword_id": 680
		}
	},
	{
		"model": "app.ieeekeywords",
		"pk": 683,
		"fields": {
			"keyword": "Postal services",
			"parent_keyword_id": 676
		}
	},
	{
		"model": "app.ieeekeywords",
		"pk": 684,
		"fields": {
			"keyword": "Publish subscribe systems",
			"parent_keyword_id": 676
		}
	},
	{
		"model": "app.ieeekeywords",
		"pk": 685,
		"fields": {
			"keyword": "Voice mail",
			"parent_keyword_id": 676
		}
	},
	{
		"model": "app.ieeekeywords",
		"pk": 686,
		"fields": {
			"keyword": "Modulation",
			"parent_keyword_id": 391
		}
	},
	{
		"model": "app.ieeekeywords",
		"pk": 687,
		"fields": {
			"keyword": "Amplitude modulation",
			"parent_keyword_id": 686
		}
	},
	{
		"model": "app.ieeekeywords",
		"pk": 688,
		"fields": {
			"keyword": "Amplitude shift keying",
			"parent_keyword_id": 687
		}
	},
	{
		"model": "app.ieeekeywords",
		"pk": 689,
		"fields": {
			"keyword": "Quadrature amplitude modulation",
			"parent_keyword_id": 687
		}
	},
	{
		"model": "app.ieeekeywords",
		"pk": 690,
		"fields": {
			"keyword": "Chirp modulation",
			"parent_keyword_id": 686
		}
	},
	{
		"model": "app.ieeekeywords",
		"pk": 691,
		"fields": {
			"keyword": "Demodulation",
			"parent_keyword_id": 686
		}
	},
	{
		"model": "app.ieeekeywords",
		"pk": 692,
		"fields": {
			"keyword": "Digital modulation",
			"parent_keyword_id": 686
		}
	},
	{
		"model": "app.ieeekeywords",
		"pk": 693,
		"fields": {
			"keyword": "Constellation diagram",
			"parent_keyword_id": 692
		}
	},
	{
		"model": "app.ieeekeywords",
		"pk": 694,
		"fields": {
			"keyword": "Partial response signaling",
			"parent_keyword_id": 692
		}
	},
	{
		"model": "app.ieeekeywords",
		"pk": 695,
		"fields": {
			"keyword": "Frequency modulation",
			"parent_keyword_id": 686
		}
	},
	{
		"model": "app.ieeekeywords",
		"pk": 696,
		"fields": {
			"keyword": "Frequency shift keying",
			"parent_keyword_id": 695
		}
	},
	{
		"model": "app.ieeekeywords",
		"pk": 697,
		"fields": {
			"keyword": "Magnetic modulators",
			"parent_keyword_id": 686
		}
	},
	{
		"model": "app.ieeekeywords",
		"pk": 698,
		"fields": {
			"keyword": "Modulation coding",
			"parent_keyword_id": 686
		}
	},
	{
		"model": "app.ieeekeywords",
		"pk": 699,
		"fields": {
			"keyword": "Interleaved codes",
			"parent_keyword_id": 698
		}
	},
	{
		"model": "app.ieeekeywords",
		"pk": 700,
		"fields": {
			"keyword": "Optical modulation",
			"parent_keyword_id": 686
		}
	},
	{
		"model": "app.ieeekeywords",
		"pk": 701,
		"fields": {
			"keyword": "Electrooptic modulators",
			"parent_keyword_id": 700
		}
	},
	{
		"model": "app.ieeekeywords",
		"pk": 702,
		"fields": {
			"keyword": "Intensity modulation",
			"parent_keyword_id": 700
		}
	},
	{
		"model": "app.ieeekeywords",
		"pk": 703,
		"fields": {
			"keyword": "Phase modulation",
			"parent_keyword_id": 686
		}
	},
	{
		"model": "app.ieeekeywords",
		"pk": 704,
		"fields": {
			"keyword": "Continuous phase modulation",
			"parent_keyword_id": 703
		}
	},
	{
		"model": "app.ieeekeywords",
		"pk": 705,
		"fields": {
			"keyword": "Differential phase shift keying",
			"parent_keyword_id": 703
		}
	},
	{
		"model": "app.ieeekeywords",
		"pk": 706,
		"fields": {
			"keyword": "Phase shift keying",
			"parent_keyword_id": 703
		}
	},
	{
		"model": "app.ieeekeywords",
		"pk": 707,
		"fields": {
			"keyword": "Pulse modulation",
			"parent_keyword_id": 686
		}
	},
	{
		"model": "app.ieeekeywords",
		"pk": 708,
		"fields": {
			"keyword": "Pulse width modulation",
			"parent_keyword_id": 686
		}
	},
	{
		"model": "app.ieeekeywords",
		"pk": 709,
		"fields": {
			"keyword": "Pulse width modulation inverters",
			"parent_keyword_id": 708
		}
	},
	{
		"model": "app.ieeekeywords",
		"pk": 710,
		"fields": {
			"keyword": "Space vector pulse width modulation",
			"parent_keyword_id": 708
		}
	},
	{
		"model": "app.ieeekeywords",
		"pk": 711,
		"fields": {
			"keyword": "Multiplexing",
			"parent_keyword_id": 391
		}
	},
	{
		"model": "app.ieeekeywords",
		"pk": 712,
		"fields": {
			"keyword": "Code division multiplexing",
			"parent_keyword_id": 711
		}
	},
	{
		"model": "app.ieeekeywords",
		"pk": 713,
		"fields": {
			"keyword": "Demultiplexing",
			"parent_keyword_id": 711
		}
	},
	{
		"model": "app.ieeekeywords",
		"pk": 714,
		"fields": {
			"keyword": "Frequency division multiplexing",
			"parent_keyword_id": 711
		}
	},
	{
		"model": "app.ieeekeywords",
		"pk": 715,
		"fields": {
			"keyword": "Multiplexing equipment",
			"parent_keyword_id": 711
		}
	},
	{
		"model": "app.ieeekeywords",
		"pk": 716,
		"fields": {
			"keyword": "Add-drop multiplexers",
			"parent_keyword_id": 715
		}
	},
	{
		"model": "app.ieeekeywords",
		"pk": 717,
		"fields": {
			"keyword": "OFDM",
			"parent_keyword_id": 711
		}
	},
	{
		"model": "app.ieeekeywords",
		"pk": 718,
		"fields": {
			"keyword": "Multiple access interference",
			"parent_keyword_id": 717
		}
	},
	{
		"model": "app.ieeekeywords",
		"pk": 719,
		"fields": {
			"keyword": "OFDM modulation",
			"parent_keyword_id": 717
		}
	},
	{
		"model": "app.ieeekeywords",
		"pk": 720,
		"fields": {
			"keyword": "Partial transmit sequences",
			"parent_keyword_id": 717
		}
	},
	{
		"model": "app.ieeekeywords",
		"pk": 721,
		"fields": {
			"keyword": "Peak to average power ratio",
			"parent_keyword_id": 717
		}
	},
	{
		"model": "app.ieeekeywords",
		"pk": 722,
		"fields": {
			"keyword": "Time division multiplexing",
			"parent_keyword_id": 711
		}
	},
	{
		"model": "app.ieeekeywords",
		"pk": 723,
		"fields": {
			"keyword": "Wavelength division multiplexing",
			"parent_keyword_id": 711
		}
	},
	{
		"model": "app.ieeekeywords",
		"pk": 724,
		"fields": {
			"keyword": "WDM networks",
			"parent_keyword_id": 723
		}
	},
	{
		"model": "app.ieeekeywords",
		"pk": 725,
		"fields": {
			"keyword": "Network topology",
			"parent_keyword_id": 391
		}
	},
	{
		"model": "app.ieeekeywords",
		"pk": 726,
		"fields": {
			"keyword": "Complex networks",
			"parent_keyword_id": 725
		}
	},
	{
		"model": "app.ieeekeywords",
		"pk": 727,
		"fields": {
			"keyword": "Computer network reliability",
			"parent_keyword_id": 725
		}
	},
	{
		"model": "app.ieeekeywords",
		"pk": 728,
		"fields": {
			"keyword": "Presence network agents",
			"parent_keyword_id": 391
		}
	},
	{
		"model": "app.ieeekeywords",
		"pk": 729,
		"fields": {
			"keyword": "TV",
			"parent_keyword_id": 391
		}
	},
	{
		"model": "app.ieeekeywords",
		"pk": 730,
		"fields": {
			"keyword": "Cable TV",
			"parent_keyword_id": 729
		}
	},
	{
		"model": "app.ieeekeywords",
		"pk": 731,
		"fields": {
			"keyword": "Digital TV",
			"parent_keyword_id": 729
		}
	},
	{
		"model": "app.ieeekeywords",
		"pk": 732,
		"fields": {
			"keyword": "Analog TV",
			"parent_keyword_id": 731
		}
	},
	{
		"model": "app.ieeekeywords",
		"pk": 733,
		"fields": {
			"keyword": "HDTV",
			"parent_keyword_id": 731
		}
	},
	{
		"model": "app.ieeekeywords",
		"pk": 734,
		"fields": {
			"keyword": "IPTV",
			"parent_keyword_id": 731
		}
	},
	{
		"model": "app.ieeekeywords",
		"pk": 735,
		"fields": {
			"keyword": "Mobile TV",
			"parent_keyword_id": 729
		}
	},
	{
		"model": "app.ieeekeywords",
		"pk": 736,
		"fields": {
			"keyword": "Three-dimensional television",
			"parent_keyword_id": 729
		}
	},
	{
		"model": "app.ieeekeywords",
		"pk": 737,
		"fields": {
			"keyword": "UHF technology",
			"parent_keyword_id": 391
		}
	},
	{
		"model": "app.ieeekeywords",
		"pk": 738,
		"fields": {
			"keyword": "UHF antennas",
			"parent_keyword_id": 737
		}
	},
	{
		"model": "app.ieeekeywords",
		"pk": 739,
		"fields": {
			"keyword": "UHF circuits",
			"parent_keyword_id": 737
		}
	},
	{
		"model": "app.ieeekeywords",
		"pk": 740,
		"fields": {
			"keyword": "UHF integrated circuits",
			"parent_keyword_id": 739
		}
	},
	{
		"model": "app.ieeekeywords",
		"pk": 741,
		"fields": {
			"keyword": "UHF communication",
			"parent_keyword_id": 737
		}
	},
	{
		"model": "app.ieeekeywords",
		"pk": 742,
		"fields": {
			"keyword": "UHF devices",
			"parent_keyword_id": 737
		}
	},
	{
		"model": "app.ieeekeywords",
		"pk": 743,
		"fields": {
			"keyword": "UHF integrated circuits",
			"parent_keyword_id": 737
		}
	},
	{
		"model": "app.ieeekeywords",
		"pk": 744,
		"fields": {
			"keyword": "Ultra wideband technology",
			"parent_keyword_id": 391
		}
	},
	{
		"model": "app.ieeekeywords",
		"pk": 745,
		"fields": {
			"keyword": "Ultra wideband antennas",
			"parent_keyword_id": 744
		}
	},
	{
		"model": "app.ieeekeywords",
		"pk": 746,
		"fields": {
			"keyword": "Ultra wideband communication",
			"parent_keyword_id": 744
		}
	},
	{
		"model": "app.ieeekeywords",
		"pk": 747,
		"fields": {
			"keyword": "Ultra wideband radar",
			"parent_keyword_id": 744
		}
	},
	{
		"model": "app.ieeekeywords",
		"pk": 748,
		"fields": {
			"keyword": "VHF devices",
			"parent_keyword_id": 391
		}
	},
	{
		"model": "app.ieeekeywords",
		"pk": 749,
		"fields": {
			"keyword": "Components, packaging, and manufacturing technology",
			"parent_keyword_id": null
		}
	},
	{
		"model": "app.ieeekeywords",
		"pk": 750,
		"fields": {
			"keyword": "Component architectures",
			"parent_keyword_id": 749
		}
	},
	{
		"model": "app.ieeekeywords",
		"pk": 751,
		"fields": {
			"keyword": "Electronic components",
			"parent_keyword_id": 749
		}
	},
	{
		"model": "app.ieeekeywords",
		"pk": 752,
		"fields": {
			"keyword": "Capacitors",
			"parent_keyword_id": 751
		}
	},
	{
		"model": "app.ieeekeywords",
		"pk": 753,
		"fields": {
			"keyword": "Power capacitors",
			"parent_keyword_id": 752
		}
	},
	{
		"model": "app.ieeekeywords",
		"pk": 754,
		"fields": {
			"keyword": "Varactors",
			"parent_keyword_id": 752
		}
	},
	{
		"model": "app.ieeekeywords",
		"pk": 755,
		"fields": {
			"keyword": "Coils",
			"parent_keyword_id": 751
		}
	},
	{
		"model": "app.ieeekeywords",
		"pk": 756,
		"fields": {
			"keyword": "Superconducting coils",
			"parent_keyword_id": 755
		}
	},
	{
		"model": "app.ieeekeywords",
		"pk": 757,
		"fields": {
			"keyword": "Connectors",
			"parent_keyword_id": 751
		}
	},
	{
		"model": "app.ieeekeywords",
		"pk": 758,
		"fields": {
			"keyword": "Plugs",
			"parent_keyword_id": 757
		}
	},
	{
		"model": "app.ieeekeywords",
		"pk": 759,
		"fields": {
			"keyword": "Sockets",
			"parent_keyword_id": 757
		}
	},
	{
		"model": "app.ieeekeywords",
		"pk": 760,
		"fields": {
			"keyword": "Diodes",
			"parent_keyword_id": 751
		}
	},
	{
		"model": "app.ieeekeywords",
		"pk": 761,
		"fields": {
			"keyword": "Diode lasers",
			"parent_keyword_id": 760
		}
	},
	{
		"model": "app.ieeekeywords",
		"pk": 762,
		"fields": {
			"keyword": "Electrodes",
			"parent_keyword_id": 751
		}
	},
	{
		"model": "app.ieeekeywords",
		"pk": 763,
		"fields": {
			"keyword": "Anodes",
			"parent_keyword_id": 762
		}
	},
	{
		"model": "app.ieeekeywords",
		"pk": 764,
		"fields": {
			"keyword": "Cathodes",
			"parent_keyword_id": 762
		}
	},
	{
		"model": "app.ieeekeywords",
		"pk": 765,
		"fields": {
			"keyword": "Microelectrodes",
			"parent_keyword_id": 762
		}
	},
	{
		"model": "app.ieeekeywords",
		"pk": 766,
		"fields": {
			"keyword": "Fuses",
			"parent_keyword_id": 751
		}
	},
	{
		"model": "app.ieeekeywords",
		"pk": 767,
		"fields": {
			"keyword": "Inductors",
			"parent_keyword_id": 751
		}
	},
	{
		"model": "app.ieeekeywords",
		"pk": 768,
		"fields": {
			"keyword": "Active inductors",
			"parent_keyword_id": 767
		}
	},
	{
		"model": "app.ieeekeywords",
		"pk": 769,
		"fields": {
			"keyword": "Thick film inductors",
			"parent_keyword_id": 767
		}
	},
	{
		"model": "app.ieeekeywords",
		"pk": 770,
		"fields": {
			"keyword": "Thin film inductors",
			"parent_keyword_id": 767
		}
	},
	{
		"model": "app.ieeekeywords",
		"pk": 771,
		"fields": {
			"keyword": "Resistors",
			"parent_keyword_id": 751
		}
	},
	{
		"model": "app.ieeekeywords",
		"pk": 772,
		"fields": {
			"keyword": "Memristors",
			"parent_keyword_id": 771
		}
	},
	{
		"model": "app.ieeekeywords",
		"pk": 773,
		"fields": {
			"keyword": "Switched capacitor networks",
			"parent_keyword_id": 771
		}
	},
	{
		"model": "app.ieeekeywords",
		"pk": 774,
		"fields": {
			"keyword": "Varistors",
			"parent_keyword_id": 771
		}
	},
	{
		"model": "app.ieeekeywords",
		"pk": 775,
		"fields": {
			"keyword": "Structural plates",
			"parent_keyword_id": 751
		}
	},
	{
		"model": "app.ieeekeywords",
		"pk": 776,
		"fields": {
			"keyword": "Switches",
			"parent_keyword_id": 751
		}
	},
	{
		"model": "app.ieeekeywords",
		"pk": 777,
		"fields": {
			"keyword": "Contactors",
			"parent_keyword_id": 776
		}
	},
	{
		"model": "app.ieeekeywords",
		"pk": 778,
		"fields": {
			"keyword": "Microswitches",
			"parent_keyword_id": 776
		}
	},
	{
		"model": "app.ieeekeywords",
		"pk": 779,
		"fields": {
			"keyword": "Optical switches",
			"parent_keyword_id": 776
		}
	},
	{
		"model": "app.ieeekeywords",
		"pk": 780,
		"fields": {
			"keyword": "Transducers",
			"parent_keyword_id": 751
		}
	},
	{
		"model": "app.ieeekeywords",
		"pk": 781,
		"fields": {
			"keyword": "Acoustic transducers",
			"parent_keyword_id": 780
		}
	},
	{
		"model": "app.ieeekeywords",
		"pk": 782,
		"fields": {
			"keyword": "Biomedical transducers",
			"parent_keyword_id": 780
		}
	},
	{
		"model": "app.ieeekeywords",
		"pk": 783,
		"fields": {
			"keyword": "Chemical transducers",
			"parent_keyword_id": 780
		}
	},
	{
		"model": "app.ieeekeywords",
		"pk": 784,
		"fields": {
			"keyword": "Piezoelectric transducers",
			"parent_keyword_id": 780
		}
	},
	{
		"model": "app.ieeekeywords",
		"pk": 785,
		"fields": {
			"keyword": "Ultrasonic transducer arrays",
			"parent_keyword_id": 780
		}
	},
	{
		"model": "app.ieeekeywords",
		"pk": 786,
		"fields": {
			"keyword": "Electronic equipment manufacture",
			"parent_keyword_id": 749
		}
	},
	{
		"model": "app.ieeekeywords",
		"pk": 787,
		"fields": {
			"keyword": "Damascene integration",
			"parent_keyword_id": 786
		}
	},
	{
		"model": "app.ieeekeywords",
		"pk": 788,
		"fields": {
			"keyword": "Micromachining",
			"parent_keyword_id": 786
		}
	},
	{
		"model": "app.ieeekeywords",
		"pk": 789,
		"fields": {
			"keyword": "Radiation hardening (electronics)",
			"parent_keyword_id": 786
		}
	},
	{
		"model": "app.ieeekeywords",
		"pk": 790,
		"fields": {
			"keyword": "Semiconductor device manufacture",
			"parent_keyword_id": 786
		}
	},
	{
		"model": "app.ieeekeywords",
		"pk": 791,
		"fields": {
			"keyword": "Diffusion processes",
			"parent_keyword_id": 790
		}
	},
	{
		"model": "app.ieeekeywords",
		"pk": 792,
		"fields": {
			"keyword": "Flip-chip devices",
			"parent_keyword_id": 790
		}
	},
	{
		"model": "app.ieeekeywords",
		"pk": 793,
		"fields": {
			"keyword": "High-K gate dielectrics",
			"parent_keyword_id": 790
		}
	},
	{
		"model": "app.ieeekeywords",
		"pk": 794,
		"fields": {
			"keyword": "Quasi-doping",
			"parent_keyword_id": 790
		}
	},
	{
		"model": "app.ieeekeywords",
		"pk": 795,
		"fields": {
			"keyword": "Semiconductor device doping",
			"parent_keyword_id": 790
		}
	},
	{
		"model": "app.ieeekeywords",
		"pk": 796,
		"fields": {
			"keyword": "Semiconductor epitaxial layers",
			"parent_keyword_id": 790
		}
	},
	{
		"model": "app.ieeekeywords",
		"pk": 797,
		"fields": {
			"keyword": "Semiconductor growth",
			"parent_keyword_id": 790
		}
	},
	{
		"model": "app.ieeekeywords",
		"pk": 798,
		"fields": {
			"keyword": "Silicidation",
			"parent_keyword_id": 790
		}
	},
	{
		"model": "app.ieeekeywords",
		"pk": 799,
		"fields": {
			"keyword": "Wafer bonding",
			"parent_keyword_id": 790
		}
	},
	{
		"model": "app.ieeekeywords",
		"pk": 800,
		"fields": {
			"keyword": "Electronics packaging",
			"parent_keyword_id": 749
		}
	},
	{
		"model": "app.ieeekeywords",
		"pk": 801,
		"fields": {
			"keyword": "Chip scale packaging",
			"parent_keyword_id": 800
		}
	},
	{
		"model": "app.ieeekeywords",
		"pk": 802,
		"fields": {
			"keyword": "Environmentally friendly manufacturing techniques",
			"parent_keyword_id": 749
		}
	},
	{
		"model": "app.ieeekeywords",
		"pk": 803,
		"fields": {
			"keyword": "Integrated circuit manufacture",
			"parent_keyword_id": 749
		}
	},
	{
		"model": "app.ieeekeywords",
		"pk": 804,
		"fields": {
			"keyword": "Surface-mount technology",
			"parent_keyword_id": 803
		}
	},
	{
		"model": "app.ieeekeywords",
		"pk": 805,
		"fields": {
			"keyword": "Integrated circuit packaging",
			"parent_keyword_id": 749
		}
	},
	{
		"model": "app.ieeekeywords",
		"pk": 806,
		"fields": {
			"keyword": "Multichip modules",
			"parent_keyword_id": 805
		}
	},
	{
		"model": "app.ieeekeywords",
		"pk": 807,
		"fields": {
			"keyword": "Plastic integrated circuit packaging",
			"parent_keyword_id": 805
		}
	},
	{
		"model": "app.ieeekeywords",
		"pk": 808,
		"fields": {
			"keyword": "Semiconductor device packaging",
			"parent_keyword_id": 749
		}
	},
	{
		"model": "app.ieeekeywords",
		"pk": 809,
		"fields": {
			"keyword": "Thermal management of electronics",
			"parent_keyword_id": 749
		}
	},
	{
		"model": "app.ieeekeywords",
		"pk": 810,
		"fields": {
			"keyword": "Electronic packaging thermal management",
			"parent_keyword_id": 809
		}
	},
	{
		"model": "app.ieeekeywords",
		"pk": 811,
		"fields": {
			"keyword": "Electronics cooling",
			"parent_keyword_id": 809
		}
	},
	{
		"model": "app.ieeekeywords",
		"pk": 812,
		"fields": {
			"keyword": "Computational and artificial intelligence",
			"parent_keyword_id": null
		}
	},
	{
		"model": "app.ieeekeywords",
		"pk": 813,
		"fields": {
			"keyword": "Artificial intelligence",
			"parent_keyword_id": 812
		}
	},
	{
		"model": "app.ieeekeywords",
		"pk": 814,
		"fields": {
			"keyword": "Context awareness",
			"parent_keyword_id": 813
		}
	},
	{
		"model": "app.ieeekeywords",
		"pk": 815,
		"fields": {
			"keyword": "Cooperative systems",
			"parent_keyword_id": 813
		}
	},
	{
		"model": "app.ieeekeywords",
		"pk": 816,
		"fields": {
			"keyword": "Decision support systems",
			"parent_keyword_id": 813
		}
	},
	{
		"model": "app.ieeekeywords",
		"pk": 817,
		"fields": {
			"keyword": "Intelligent systems",
			"parent_keyword_id": 813
		}
	},
	{
		"model": "app.ieeekeywords",
		"pk": 818,
		"fields": {
			"keyword": "Intelligent robots",
			"parent_keyword_id": 817
		}
	},
	{
		"model": "app.ieeekeywords",
		"pk": 819,
		"fields": {
			"keyword": "Knowledge based systems",
			"parent_keyword_id": 813
		}
	},
	{
		"model": "app.ieeekeywords",
		"pk": 820,
		"fields": {
			"keyword": "Expert systems",
			"parent_keyword_id": 819
		}
	},
	{
		"model": "app.ieeekeywords",
		"pk": 821,
		"fields": {
			"keyword": "Mobile agents",
			"parent_keyword_id": 819
		}
	},
	{
		"model": "app.ieeekeywords",
		"pk": 822,
		"fields": {
			"keyword": "Knowledge engineering",
			"parent_keyword_id": 813
		}
	},
	{
		"model": "app.ieeekeywords",
		"pk": 823,
		"fields": {
			"keyword": "Inference mechanisms",
			"parent_keyword_id": 822
		}
	},
	{
		"model": "app.ieeekeywords",
		"pk": 824,
		"fields": {
			"keyword": "Knowledge acquisition",
			"parent_keyword_id": 822
		}
	},
	{
		"model": "app.ieeekeywords",
		"pk": 825,
		"fields": {
			"keyword": "Knowledge discovery",
			"parent_keyword_id": 822
		}
	},
	{
		"model": "app.ieeekeywords",
		"pk": 826,
		"fields": {
			"keyword": "Knowledge representation",
			"parent_keyword_id": 822
		}
	},
	{
		"model": "app.ieeekeywords",
		"pk": 827,
		"fields": {
			"keyword": "Learning (artificial intelligence)",
			"parent_keyword_id": 813
		}
	},
	{
		"model": "app.ieeekeywords",
		"pk": 828,
		"fields": {
			"keyword": "Distance learning",
			"parent_keyword_id": 827
		}
	},
	{
		"model": "app.ieeekeywords",
		"pk": 829,
		"fields": {
			"keyword": "Electronic learning",
			"parent_keyword_id": 827
		}
	},
	{
		"model": "app.ieeekeywords",
		"pk": 830,
		"fields": {
			"keyword": "Learning systems",
			"parent_keyword_id": 813
		}
	},
	{
		"model": "app.ieeekeywords",
		"pk": 831,
		"fields": {
			"keyword": "Backpropagation",
			"parent_keyword_id": 830
		}
	},
	{
		"model": "app.ieeekeywords",
		"pk": 832,
		"fields": {
			"keyword": "Learning automata",
			"parent_keyword_id": 830
		}
	},
	{
		"model": "app.ieeekeywords",
		"pk": 833,
		"fields": {
			"keyword": "Semisupervised learning",
			"parent_keyword_id": 830
		}
	},
	{
		"model": "app.ieeekeywords",
		"pk": 834,
		"fields": {
			"keyword": "Supervised learning",
			"parent_keyword_id": 830
		}
	},
	{
		"model": "app.ieeekeywords",
		"pk": 835,
		"fields": {
			"keyword": "Unsupervised learning",
			"parent_keyword_id": 830
		}
	},
	{
		"model": "app.ieeekeywords",
		"pk": 836,
		"fields": {
			"keyword": "Machine learning",
			"parent_keyword_id": 813
		}
	},
	{
		"model": "app.ieeekeywords",
		"pk": 837,
		"fields": {
			"keyword": "Boosting",
			"parent_keyword_id": 836
		}
	},
	{
		"model": "app.ieeekeywords",
		"pk": 838,
		"fields": {
			"keyword": "Statistical learning",
			"parent_keyword_id": 836
		}
	},
	{
		"model": "app.ieeekeywords",
		"pk": 839,
		"fields": {
			"keyword": "Prediction methods",
			"parent_keyword_id": 813
		}
	},
	{
		"model": "app.ieeekeywords",
		"pk": 840,
		"fields": {
			"keyword": "Linear predictive coding",
			"parent_keyword_id": 839
		}
	},
	{
		"model": "app.ieeekeywords",
		"pk": 841,
		"fields": {
			"keyword": "Predictive coding",
			"parent_keyword_id": 839
		}
	},
	{
		"model": "app.ieeekeywords",
		"pk": 842,
		"fields": {
			"keyword": "Predictive encoding",
			"parent_keyword_id": 839
		}
	},
	{
		"model": "app.ieeekeywords",
		"pk": 843,
		"fields": {
			"keyword": "Predictive models",
			"parent_keyword_id": 839
		}
	},
	{
		"model": "app.ieeekeywords",
		"pk": 844,
		"fields": {
			"keyword": "Autonomous mental development",
			"parent_keyword_id": 812
		}
	},
	{
		"model": "app.ieeekeywords",
		"pk": 845,
		"fields": {
			"keyword": "Computational intelligence",
			"parent_keyword_id": 812
		}
	},
	{
		"model": "app.ieeekeywords",
		"pk": 846,
		"fields": {
			"keyword": "Computation theory",
			"parent_keyword_id": 845
		}
	},
	{
		"model": "app.ieeekeywords",
		"pk": 847,
		"fields": {
			"keyword": "Computational complexity",
			"parent_keyword_id": 846
		}
	},
	{
		"model": "app.ieeekeywords",
		"pk": 848,
		"fields": {
			"keyword": "Concurrent computing",
			"parent_keyword_id": 846
		}
	},
	{
		"model": "app.ieeekeywords",
		"pk": 849,
		"fields": {
			"keyword": "Greedy algorithms",
			"parent_keyword_id": 846
		}
	},
	{
		"model": "app.ieeekeywords",
		"pk": 850,
		"fields": {
			"keyword": "Support vector machines",
			"parent_keyword_id": 846
		}
	},
	{
		"model": "app.ieeekeywords",
		"pk": 851,
		"fields": {
			"keyword": "Evolutionary computation",
			"parent_keyword_id": 845
		}
	},
	{
		"model": "app.ieeekeywords",
		"pk": 852,
		"fields": {
			"keyword": "Particle swarm optimization",
			"parent_keyword_id": 851
		}
	},
	{
		"model": "app.ieeekeywords",
		"pk": 853,
		"fields": {
			"keyword": "Fuzzy systems",
			"parent_keyword_id": 845
		}
	},
	{
		"model": "app.ieeekeywords",
		"pk": 854,
		"fields": {
			"keyword": "Fuzzy control",
			"parent_keyword_id": 853
		}
	},
	{
		"model": "app.ieeekeywords",
		"pk": 855,
		"fields": {
			"keyword": "Fuzzy neural networks",
			"parent_keyword_id": 853
		}
	},
	{
		"model": "app.ieeekeywords",
		"pk": 856,
		"fields": {
			"keyword": "Hybrid intelligent systems",
			"parent_keyword_id": 853
		}
	},
	{
		"model": "app.ieeekeywords",
		"pk": 857,
		"fields": {
			"keyword": "Genetic algorithms",
			"parent_keyword_id": 845
		}
	},
	{
		"model": "app.ieeekeywords",
		"pk": 858,
		"fields": {
			"keyword": "Logic",
			"parent_keyword_id": 812
		}
	},
	{
		"model": "app.ieeekeywords",
		"pk": 859,
		"fields": {
			"keyword": "Fuzzy logic",
			"parent_keyword_id": 858
		}
	},
	{
		"model": "app.ieeekeywords",
		"pk": 860,
		"fields": {
			"keyword": "Fuzzy cognitive maps",
			"parent_keyword_id": 859
		}
	},
	{
		"model": "app.ieeekeywords",
		"pk": 861,
		"fields": {
			"keyword": "Takagi-Sugeno model",
			"parent_keyword_id": 859
		}
	},
	{
		"model": "app.ieeekeywords",
		"pk": 862,
		"fields": {
			"keyword": "Multivalued logic",
			"parent_keyword_id": 858
		}
	},
	{
		"model": "app.ieeekeywords",
		"pk": 863,
		"fields": {
			"keyword": "Probabilistic logic",
			"parent_keyword_id": 858
		}
	},
	{
		"model": "app.ieeekeywords",
		"pk": 864,
		"fields": {
			"keyword": "Sufficient conditions",
			"parent_keyword_id": 858
		}
	},
	{
		"model": "app.ieeekeywords",
		"pk": 865,
		"fields": {
			"keyword": "Machine intelligence",
			"parent_keyword_id": 812
		}
	},
	{
		"model": "app.ieeekeywords",
		"pk": 866,
		"fields": {
			"keyword": "Pattern analysis",
			"parent_keyword_id": 865
		}
	},
	{
		"model": "app.ieeekeywords",
		"pk": 867,
		"fields": {
			"keyword": "Neural networks",
			"parent_keyword_id": 812
		}
	},
	{
		"model": "app.ieeekeywords",
		"pk": 868,
		"fields": {
			"keyword": "Artificial neural networks",
			"parent_keyword_id": 867
		}
	},
	{
		"model": "app.ieeekeywords",
		"pk": 869,
		"fields": {
			"keyword": "Hebbian theory",
			"parent_keyword_id": 868
		}
	},
	{
		"model": "app.ieeekeywords",
		"pk": 870,
		"fields": {
			"keyword": "Self-organizing feature maps",
			"parent_keyword_id": 868
		}
	},
	{
		"model": "app.ieeekeywords",
		"pk": 871,
		"fields": {
			"keyword": "Biological neural networks",
			"parent_keyword_id": 867
		}
	},
	{
		"model": "app.ieeekeywords",
		"pk": 872,
		"fields": {
			"keyword": "Cellular neural networks",
			"parent_keyword_id": 867
		}
	},
	{
		"model": "app.ieeekeywords",
		"pk": 873,
		"fields": {
			"keyword": "Feedforward neural networks",
			"parent_keyword_id": 867
		}
	},
	{
		"model": "app.ieeekeywords",
		"pk": 874,
		"fields": {
			"keyword": "Multilayer perceptrons",
			"parent_keyword_id": 873
		}
	},
	{
		"model": "app.ieeekeywords",
		"pk": 875,
		"fields": {
			"keyword": "Multi-layer neural network",
			"parent_keyword_id": 867
		}
	},
	{
		"model": "app.ieeekeywords",
		"pk": 876,
		"fields": {
			"keyword": "Neural network hardware",
			"parent_keyword_id": 867
		}
	},
	{
		"model": "app.ieeekeywords",
		"pk": 877,
		"fields": {
			"keyword": "Radial basis function networks",
			"parent_keyword_id": 867
		}
	},
	{
		"model": "app.ieeekeywords",
		"pk": 878,
		"fields": {
			"keyword": "Recurrent neural networks",
			"parent_keyword_id": 867
		}
	},
	{
		"model": "app.ieeekeywords",
		"pk": 879,
		"fields": {
			"keyword": "Hopfield neural networks",
			"parent_keyword_id": 878
		}
	},
	{
		"model": "app.ieeekeywords",
		"pk": 880,
		"fields": {
			"keyword": "Computers and information processing",
			"parent_keyword_id": null
		}
	},
	{
		"model": "app.ieeekeywords",
		"pk": 881,
		"fields": {
			"keyword": "Computer applications",
			"parent_keyword_id": 880
		}
	},
	{
		"model": "app.ieeekeywords",
		"pk": 882,
		"fields": {
			"keyword": "Affective computing",
			"parent_keyword_id": 881
		}
	},
	{
		"model": "app.ieeekeywords",
		"pk": 883,
		"fields": {
			"keyword": "Application virtualization",
			"parent_keyword_id": 881
		}
	},
	{
		"model": "app.ieeekeywords",
		"pk": 884,
		"fields": {
			"keyword": "Computer aided analysis",
			"parent_keyword_id": 881
		}
	},
	{
		"model": "app.ieeekeywords",
		"pk": 885,
		"fields": {
			"keyword": "Computer aided engineering",
			"parent_keyword_id": 881
		}
	},
	{
		"model": "app.ieeekeywords",
		"pk": 886,
		"fields": {
			"keyword": "Computer aided instruction",
			"parent_keyword_id": 881
		}
	},
	{
		"model": "app.ieeekeywords",
		"pk": 887,
		"fields": {
			"keyword": "Computer generated music",
			"parent_keyword_id": 881
		}
	},
	{
		"model": "app.ieeekeywords",
		"pk": 888,
		"fields": {
			"keyword": "Computer integrated manufacturing",
			"parent_keyword_id": 881
		}
	},
	{
		"model": "app.ieeekeywords",
		"pk": 889,
		"fields": {
			"keyword": "Control engineering computing",
			"parent_keyword_id": 881
		}
	},
	{
		"model": "app.ieeekeywords",
		"pk": 890,
		"fields": {
			"keyword": "Green computing",
			"parent_keyword_id": 881
		}
	},
	{
		"model": "app.ieeekeywords",
		"pk": 891,
		"fields": {
			"keyword": "High energy physics instrumentation computing",
			"parent_keyword_id": 881
		}
	},
	{
		"model": "app.ieeekeywords",
		"pk": 892,
		"fields": {
			"keyword": "Linear particle accelerator",
			"parent_keyword_id": 891
		}
	},
	{
		"model": "app.ieeekeywords",
		"pk": 893,
		"fields": {
			"keyword": "Knowledge management",
			"parent_keyword_id": 881
		}
	},
	{
		"model": "app.ieeekeywords",
		"pk": 894,
		"fields": {
			"keyword": "Knowledge transfer",
			"parent_keyword_id": 893
		}
	},
	{
		"model": "app.ieeekeywords",
		"pk": 895,
		"fields": {
			"keyword": "Medical information systems",
			"parent_keyword_id": 881
		}
	},
	{
		"model": "app.ieeekeywords",
		"pk": 896,
		"fields": {
			"keyword": "Electronic medical records",
			"parent_keyword_id": 895
		}
	},
	{
		"model": "app.ieeekeywords",
		"pk": 897,
		"fields": {
			"keyword": "Military computing",
			"parent_keyword_id": 881
		}
	},
	{
		"model": "app.ieeekeywords",
		"pk": 898,
		"fields": {
			"keyword": "Physics computing",
			"parent_keyword_id": 881
		}
	},
	{
		"model": "app.ieeekeywords",
		"pk": 899,
		"fields": {
			"keyword": "Power engineering computing",
			"parent_keyword_id": 881
		}
	},
	{
		"model": "app.ieeekeywords",
		"pk": 900,
		"fields": {
			"keyword": "Power system analysis computing",
			"parent_keyword_id": 881
		}
	},
	{
		"model": "app.thesiskeywords",
		"pk": 12,
		"fields": {
			"thesis_id": 2,
			"keyword_id": 156
		}
	},
	{
		"model": "app.thesiskeywords",
		"pk": 13,
		"fields": {
			"thesis_id": 2,
			"keyword_id": 877
		}
	},
	{
		"model": "app.panelmembers",
		"pk": 1,
		"fields": {
			"thesis_id": 2,
			"referee_username": "naruto",
			"status": "R"
		}
	},
	{
		"model": "app.panelmembers",
		"pk": 2,
		"fields": {
			"thesis_id": 2,
			"referee_username": "ching",
			"status": "A"
		}
	},
	{
		"model": "app.panelmembers",
		"pk": 3,
		"fields": {
			"thesis_id": 2,
			"referee_username": "ichigo",
			"status": "A"
		}
	},
	{
		"model": "app.panelmembers",
		"pk": 4,
		"fields": {
			"thesis_id": 2,
			"referee_username": "basu",
			"status": "A"
		}
	},
	{
		"model": "app.panelmembers",
		"pk": 5,
		"fields": {
			"thesis_id": 3,
			"referee_username": "ichigo",
			"status": "A"
		}
	},
	{
		"model": "app.panelmembers",
		"pk": 6,
		"fields": {
			"thesis_id": 3,
			"referee_username": "basu",
			"status": "A"
		}
	},
	{
		"model": "app.panelmembers",
		"pk": 7,
		"fields": {
			"thesis_id": 4,
			"referee_username": "naruto",
			"status": "A"
		}
	},
	{
		"model": "app.panelmembers",
		"pk": 8,
		"fields": {
			"thesis_id": 4,
			"referee_username": "ching",
			"status": "A"
		}
	},
	{
		"model": "app.panelmembers",
		"pk": 9,
		"fields": {
			"thesis_id": 4,
			"referee_username": "basu",
			"status": "A"
		}
	},
	{
		"model": "app.notifications",
		"pk": 22,
		"fields": {
			"sender": "pavan",
			"receiver": "rit2013063",
			"message": "Unread notification 1",
			"link": "#",
			"status": "R",
			"date": "2017-03-22T15:10:29.832Z"
		}
	},
	{
		"model": "app.notifications",
		"pk": 23,
		"fields": {
			"sender": "rahul",
			"receiver": "rit2013063",
			"message": "Read notification 1",
			"link": "#",
			"status": "R",
			"date": "2017-03-21T19:31:01.762Z"
		}
	},
	{
		"model": "app.notifications",
		"pk": 24,
		"fields": {
			"sender": "ranjana",
			"receiver": "rit2013063",
			"message": "Read notification 2",
			"link": "#",
			"status": "R",
			"date": "2017-03-21T19:31:01.762Z"
		}
	},
	{
		"model": "app.notifications",
		"pk": 25,
		"fields": {
			"sender": "vkc",
			"receiver": "rit2013038",
			"message": "Unread notification 1",
			"link": "#",
			"status": "U",
			"date": "2017-03-21T19:31:01.762Z"
		}
	},
	{
		"model": "app.notifications",
		"pk": 26,
		"fields": {
			"sender": "ranjana",
			"receiver": "rit2013038",
			"message": "Unread notification 2",
			"link": "#",
			"status": "U",
			"date": "2017-03-21T19:31:01.762Z"
		}
	},
	{
		"model": "app.notifications",
		"pk": 27,
		"fields": {
			"sender": "vkc",
			"receiver": "rit2013038",
			"message": "Read notification 1",
			"link": "#",
			"status": "R",
			"date": "2017-03-21T19:31:01.762Z"
		}
	},
	{
		"model": "app.notifications",
		"pk": 28,
		"fields": {
			"sender": "vkc",
			"receiver": "rit2013003",
			"message": "Unread notification 1",
			"link": "#",
			"status": "U",
			"date": "2017-03-21T19:31:01.762Z"
		}
	},
	{
		"model": "app.notifications",
		"pk": 29,
		"fields": {
			"sender": "rahul",
			"receiver": "rit2013003",
			"message": "Read notification 1",
			"link": "#",
			"status": "R",
			"date": "2017-03-21T19:31:01.762Z"
		}
	},
	{
		"model": "app.notifications",
		"pk": 30,
		"fields": {
			"sender": "rit2013063",
			"receiver": "pavan",
			"message": "Unread notification 1",
			"link": "#",
			"status": "R",
			"date": "2017-03-26T11:19:59.602Z"
		}
	},
	{
		"model": "app.notifications",
		"pk": 31,
		"fields": {
			"sender": "rit2013063",
			"receiver": "pavan",
			"message": "Unread notification 2",
			"link": "#",
			"status": "R",
			"date": "2017-03-26T11:19:59.684Z"
		}
	},
	{
		"model": "app.notifications",
		"pk": 32,
		"fields": {
			"sender": "rit2013063",
			"receiver": "pavan",
			"message": "Unread notification 3",
			"link": "#",
			"status": "R",
			"date": "2017-03-26T11:19:59.727Z"
		}
	},
	{
		"model": "app.notifications",
		"pk": 33,
		"fields": {
			"sender": "rit2013063",
			"receiver": "rahul",
			"message": "Read notification 1",
			"link": "#",
			"status": "R",
			"date": "2017-03-21T19:31:01.762Z"
		}
	},
	{
		"model": "app.notifications",
		"pk": 34,
		"fields": {
			"sender": "rit2013063",
			"receiver": "rahul",
			"message": "Read notification 1",
			"link": "#",
			"status": "R",
			"date": "2017-03-21T19:31:01.762Z"
		}
	},
	{
		"model": "app.notifications",
		"pk": 35,
		"fields": {
			"sender": "rit2013038",
			"receiver": "ranjana",
			"message": "Unread notification 1",
			"link": "#",
			"status": "U",
			"date": "2017-03-21T19:31:01.762Z"
		}
	},
	{
		"model": "app.notifications",
		"pk": 36,
		"fields": {
			"sender": "rit2013038",
			"receiver": "ranjana",
			"message": "Read notification 1",
			"link": "#",
			"status": "R",
			"date": "2017-03-21T19:31:01.762Z"
		}
	},
	{
		"model": "app.notifications",
		"pk": 37,
		"fields": {
			"sender": "rahul",
			"receiver": "gcnandi",
			"message": "Unread notification 1",
			"link": "#",
			"status": "U",
			"date": "2017-03-21T19:31:01.762Z"
		}
	},
	{
		"model": "app.notifications",
		"pk": 38,
		"fields": {
			"sender": "pavan",
			"receiver": "gcnandi",
			"message": "Read notification 1",
			"link": "#",
			"status": "R",
			"date": "2017-03-21T19:31:01.762Z"
		}
	},
	{
		"model": "app.notifications",
		"pk": 39,
		"fields": {
			"sender": "gcnandi",
			"receiver": "ching",
			"message": "Unread notification 1",
			"link": "#",
			"status": "U",
			"date": "2017-03-21T19:31:01.762Z"
		}
	},
	{
		"model": "app.notifications",
		"pk": 40,
		"fields": {
			"sender": "gcnandi",
			"receiver": "ching",
			"message": "Unread notification 2",
			"link": "#",
			"status": "U",
			"date": "2017-03-21T19:31:01.762Z"
		}
	},
	{
		"model": "app.notifications",
		"pk": 41,
		"fields": {
			"sender": "gcnandi",
			"receiver": "ching",
			"message": "Unread notification 3",
			"link": "#",
			"status": "U",
			"date": "2017-03-21T19:31:01.762Z"
		}
	},
	{
		"model": "app.notifications",
		"pk": 42,
		"fields": {
			"sender": "gcnandi",
			"receiver": "ching",
			"message": "Unread notification 4",
			"link": "#",
			"status": "U",
			"date": "2017-03-21T19:31:01.762Z"
		}
	},
	{
		"model": "app.notifications",
		"pk": 43,
		"fields": {
			"sender": "gcnandi",
			"receiver": "ching",
			"message": "Read notification 1",
			"link": "#",
			"status": "R",
			"date": "2017-03-21T19:31:01.762Z"
		}
	},
	{
		"model": "app.notifications",
		"pk": 44,
		"fields": {
			"sender": "rit2013063",
			"receiver": "pavan",
			"message": "Student Vamsi Sangam has added the keyword Digital video broadcasting for the PhD titled \"GPS Clustering\"",
			"link": "",
			"status": "R",
			"date": "2017-03-26T11:19:59.790Z"
		}
	},
	{
		"model": "app.notifications",
		"pk": 45,
		"fields": {
			"sender": "rit2013063",
			"receiver": "rahul",
			"message": "Student Vamsi Sangam has added the keyword Digital video broadcasting for the PhD titled \"GPS Clustering\"",
			"link": "",
			"status": "U",
			"date": "2017-03-22T15:06:02.954Z"
		}
	},
	{
		"model": "app.notifications",
		"pk": 46,
		"fields": {
			"sender": "rit2013063",
			"receiver": "ranjana",
			"message": "Student Vamsi Sangam has added the keyword Digital video broadcasting for the PhD titled \"GPS Clustering\"",
			"link": "",
			"status": "U",
			"date": "2017-03-22T15:06:03.001Z"
		}
	},
	{
		"model": "app.notifications",
		"pk": 47,
		"fields": {
			"sender": "rit2013063",
			"receiver": "pavan",
			"message": "Student Vamsi Sangam has added the keyword Radial basis function networks for the PhD titled \"GPS Clustering\"",
			"link": "",
			"status": "R",
			"date": "2017-03-26T11:19:59.834Z"
		}
	},
	{
		"model": "app.notifications",
		"pk": 48,
		"fields": {
			"sender": "rit2013063",
			"receiver": "rahul",
			"message": "Student Vamsi Sangam has added the keyword Radial basis function networks for the PhD titled \"GPS Clustering\"",
			"link": "",
			"status": "U",
			"date": "2017-03-22T15:06:09.544Z"
		}
	},
	{
		"model": "app.notifications",
		"pk": 49,
		"fields": {
			"sender": "rit2013063",
			"receiver": "ranjana",
			"message": "Student Vamsi Sangam has added the keyword Radial basis function networks for the PhD titled \"GPS Clustering\"",
			"link": "",
			"status": "U",
			"date": "2017-03-22T15:06:09.587Z"
		}
	},
	{
		"model": "app.notifications",
		"pk": 50,
		"fields": {
			"sender": "rit2013063",
			"receiver": "pavan",
			"message": "Student Vamsi Sangam has submitted their PhD abstract for the PhD titled \"GPS Clustering\"",
			"link": "",
			"status": "R",
			"date": "2017-03-26T11:19:59.875Z"
		}
	},
	{
		"model": "app.notifications",
		"pk": 51,
		"fields": {
			"sender": "rit2013063",
			"receiver": "rahul",
			"message": "Student Vamsi Sangam has submitted their PhD abstract for the PhD titled \"GPS Clustering\"",
			"link": "",
			"status": "U",
			"date": "2017-03-23T12:06:46.353Z"
		}
	},
	{
		"model": "app.notifications",
		"pk": 52,
		"fields": {
			"sender": "rit2013063",
			"receiver": "ranjana",
			"message": "Student Vamsi Sangam has submitted their PhD abstract for the PhD titled \"GPS Clustering\"",
			"link": "",
			"status": "U",
			"date": "2017-03-23T12:06:46.400Z"
		}
	},
	{
		"model": "app.notifications",
		"pk": 53,
		"fields": {
			"sender": "rit2013063",
			"receiver": "pavan",
			"message": "Student Vamsi Sangam has submitted their PhD abstract for the PhD titled \"GPS Clustering\"",
			"link": "",
			"status": "R",
			"date": "2017-03-26T11:19:59.995Z"
		}
	},
	{
		"model": "app.notifications",
		"pk": 54,
		"fields": {
			"sender": "rit2013063",
			"receiver": "rahul",
			"message": "Student Vamsi Sangam has submitted their PhD abstract for the PhD titled \"GPS Clustering\"",
			"link": "",
			"status": "U",
			"date": "2017-03-23T12:30:06.298Z"
		}
	},
	{
		"model": "app.notifications",
		"pk": 55,
		"fields": {
			"sender": "rit2013063",
			"receiver": "ranjana",
			"message": "Student Vamsi Sangam has submitted their PhD abstract for the PhD titled \"GPS Clustering\"",
			"link": "",
			"status": "U",
			"date": "2017-03-23T12:30:06.338Z"
		}
	},
	{
		"model": "app.notifications",
		"pk": 56,
		"fields": {
			"sender": "rit2013063",
			"receiver": "pavan",
			"message": "Student Vamsi Sangam has submitted their PhD synopsis for the PhD titled \"GPS Clustering\"",
			"link": "",
			"status": "R",
			"date": "2017-03-26T11:20:00.102Z"
		}
	},
	{
		"model": "app.notifications",
		"pk": 57,
		"fields": {
			"sender": "rit2013063",
			"receiver": "rahul",
			"message": "Student Vamsi Sangam has submitted their PhD synopsis for the PhD titled \"GPS Clustering\"",
			"link": "",
			"status": "U",
			"date": "2017-03-23T13:49:06.316Z"
		}
	},
	{
		"model": "app.notifications",
		"pk": 58,
		"fields": {
			"sender": "rit2013063",
			"receiver": "ranjana",
			"message": "Student Vamsi Sangam has submitted their PhD synopsis for the PhD titled \"GPS Clustering\"",
			"link": "",
			"status": "U",
			"date": "2017-03-23T13:49:06.359Z"
		}
	},
	{
		"model": "app.notifications",
		"pk": 59,
		"fields": {
			"sender": "rit2013063",
			"receiver": "pavan",
			"message": "Student Vamsi Sangam has submitted their PhD thesis document for the PhD titled \"GPS Clustering\"",
			"link": "",
			"status": "R",
			"date": "2017-03-26T11:20:00.212Z"
		}
	},
	{
		"model": "app.notifications",
		"pk": 60,
		"fields": {
			"sender": "rit2013063",
			"receiver": "rahul",
			"message": "Student Vamsi Sangam has submitted their PhD thesis document for the PhD titled \"GPS Clustering\"",
			"link": "",
			"status": "U",
			"date": "2017-03-23T14:08:56.825Z"
		}
	},
	{
		"model": "app.notifications",
		"pk": 61,
		"fields": {
			"sender": "rit2013063",
			"receiver": "ranjana",
			"message": "Student Vamsi Sangam has submitted their PhD thesis document for the PhD titled \"GPS Clustering\"",
			"link": "",
			"status": "U",
			"date": "2017-03-23T14:08:56.887Z"
		}
	},
	{
		"model": "app.notifications",
		"pk": 62,
		"fields": {
			"sender": "rit2013063",
			"receiver": "pavan",
			"message": "Student Vamsi Sangam has submitted their PhD abstract for the PhD titled \"GPS Clustering\"",
			"link": "",
			"status": "R",
			"date": "2017-03-26T11:20:00.315Z"
		}
	},
	{
		"model": "app.notifications",
		"pk": 63,
		"fields": {
			"sender": "rit2013063",
			"receiver": "rahul",
			"message": "Student Vamsi Sangam has submitted their PhD abstract for the PhD titled \"GPS Clustering\"",
			"link": "",
			"status": "U",
			"date": "2017-03-23T15:08:47.133Z"
		}
	},
	{
		"model": "app.notifications",
		"pk": 64,
		"fields": {
			"sender": "rit2013063",
			"receiver": "ranjana",
			"message": "Student Vamsi Sangam has submitted their PhD abstract for the PhD titled \"GPS Clustering\"",
			"link": "",
			"status": "U",
			"date": "2017-03-23T15:08:47.509Z"
		}
	},
	{
		"model": "app.notifications",
		"pk": 65,
		"fields": {
			"sender": "rit2013063",
			"receiver": "pavan",
			"message": "Student Vamsi Sangam has submitted their PhD synopsis for the PhD titled \"GPS Clustering\"",
			"link": "",
			"status": "R",
			"date": "2017-03-26T11:20:00.865Z"
		}
	},
	{
		"model": "app.notifications",
		"pk": 66,
		"fields": {
			"sender": "rit2013063",
			"receiver": "rahul",
			"message": "Student Vamsi Sangam has submitted their PhD synopsis for the PhD titled \"GPS Clustering\"",
			"link": "",
			"status": "U",
			"date": "2017-03-23T15:12:23.703Z"
		}
	},
	{
		"model": "app.notifications",
		"pk": 67,
		"fields": {
			"sender": "rit2013063",
			"receiver": "ranjana",
			"message": "Student Vamsi Sangam has submitted their PhD synopsis for the PhD titled \"GPS Clustering\"",
			"link": "",
			"status": "U",
			"date": "2017-03-23T15:12:23.781Z"
		}
	},
	{
		"model": "app.notifications",
		"pk": 68,
		"fields": {
			"sender": "rit2013063",
			"receiver": "pavan",
			"message": "Student Vamsi Sangam has submitted their PhD thesis document for the PhD titled \"GPS Clustering\"",
			"link": "",
			"status": "R",
			"date": "2017-03-26T11:20:00.946Z"
		}
	},
	{
		"model": "app.notifications",
		"pk": 69,
		"fields": {
			"sender": "rit2013063",
			"receiver": "rahul",
			"message": "Student Vamsi Sangam has submitted their PhD thesis document for the PhD titled \"GPS Clustering\"",
			"link": "",
			"status": "U",
			"date": "2017-03-23T15:14:12.169Z"
		}
	},
	{
		"model": "app.notifications",
		"pk": 70,
		"fields": {
			"sender": "rit2013063",
			"receiver": "ranjana",
			"message": "Student Vamsi Sangam has submitted their PhD thesis document for the PhD titled \"GPS Clustering\"",
			"link": "",
			"status": "U",
			"date": "2017-03-23T15:14:12.219Z"
		}
	},
	{
		"model": "app.notifications",
		"pk": 71,
		"fields": {
			"sender": "rit2013038",
			"receiver": "vkc",
			"message": "Student Akshay Chilagani has submitted their PhD abstract for the PhD titled \"Shipment Mining\"",
			"link": "",
			"status": "U",
			"date": "2017-03-23T18:58:19.349Z"
		}
	},
	{
		"model": "app.notifications",
		"pk": 72,
		"fields": {
			"sender": "rit2013038",
			"receiver": "ranjana",
			"message": "Student Akshay Chilagani has submitted their PhD abstract for the PhD titled \"Shipment Mining\"",
			"link": "",
			"status": "U",
			"date": "2017-03-23T18:58:19.396Z"
		}
	},
	{
		"model": "app.notifications",
		"pk": 73,
		"fields": {
			"sender": "rit2013038",
			"receiver": "vkc",
			"message": "Student Akshay Chilagani has submitted their PhD synopsis for the PhD titled \"Shipment Mining\"",
			"link": "",
			"status": "U",
			"date": "2017-03-23T18:58:57.981Z"
		}
	},
	{
		"model": "app.notifications",
		"pk": 74,
		"fields": {
			"sender": "rit2013038",
			"receiver": "ranjana",
			"message": "Student Akshay Chilagani has submitted their PhD synopsis for the PhD titled \"Shipment Mining\"",
			"link": "",
			"status": "U",
			"date": "2017-03-23T18:58:58.028Z"
		}
	},
	{
		"model": "app.notifications",
		"pk": 75,
		"fields": {
			"sender": "pavan",
			"receiver": "pavan",
			"message": "pavan had rejected the abstract submitted by 'rit2013063",
			"link": "",
			"status": "R",
			"date": "2017-03-26T11:20:00.993Z"
		}
	},
	{
		"model": "app.notifications",
		"pk": 76,
		"fields": {
			"sender": "pavan",
			"receiver": "rahul",
			"message": "pavan had rejected the abstract submitted by 'rit2013063",
			"link": "",
			"status": "U",
			"date": "2017-03-24T14:15:21.928Z"
		}
	},
	{
		"model": "app.notifications",
		"pk": 77,
		"fields": {
			"sender": "pavan",
			"receiver": "ranjana",
			"message": "pavan had rejected the abstract submitted by 'rit2013063",
			"link": "",
			"status": "U",
			"date": "2017-03-24T14:15:21.975Z"
		}
	},
	{
		"model": "app.notifications",
		"pk": 78,
		"fields": {
			"sender": "pavan",
			"receiver": "rit2013063",
			"message": "pavan had rejected the abstract submitted \nFeedback: sdsvdsvs",
			"link": "",
			"status": "U",
			"date": "2017-03-24T14:15:22.006Z"
		}
	},
	{
		"model": "app.notifications",
		"pk": 79,
		"fields": {
			"sender": "pavan",
			"receiver": "pavan",
			"message": "pavan had rejected the abstract submitted by 'rit2013063",
			"link": "",
			"status": "R",
			"date": "2017-03-26T11:20:01.055Z"
		}
	},
	{
		"model": "app.notifications",
		"pk": 80,
		"fields": {
			"sender": "pavan",
			"receiver": "rahul",
			"message": "pavan had rejected the abstract submitted by 'rit2013063",
			"link": "",
			"status": "U",
			"date": "2017-03-24T14:16:41.145Z"
		}
	},
	{
		"model": "app.notifications",
		"pk": 81,
		"fields": {
			"sender": "pavan",
			"receiver": "ranjana",
			"message": "pavan had rejected the abstract submitted by 'rit2013063",
			"link": "",
			"status": "U",
			"date": "2017-03-24T14:16:41.208Z"
		}
	},
	{
		"model": "app.notifications",
		"pk": 82,
		"fields": {
			"sender": "pavan",
			"receiver": "rit2013063",
			"message": "pavan had rejected the abstract submitted \nFeedback: ",
			"link": "",
			"status": "U",
			"date": "2017-03-24T14:16:41.255Z"
		}
	},
	{
		"model": "app.notifications",
		"pk": 83,
		"fields": {
			"sender": "pavan",
			"receiver": "pavan",
			"message": "pavan had rejected the abstract submitted by 'rit2013063",
			"link": "",
			"status": "R",
			"date": "2017-03-26T11:20:01.164Z"
		}
	},
	{
		"model": "app.notifications",
		"pk": 84,
		"fields": {
			"sender": "pavan",
			"receiver": "rahul",
			"message": "pavan had rejected the abstract submitted by 'rit2013063",
			"link": "",
			"status": "U",
			"date": "2017-03-24T14:17:45.039Z"
		}
	},
	{
		"model": "app.notifications",
		"pk": 85,
		"fields": {
			"sender": "pavan",
			"receiver": "ranjana",
			"message": "pavan had rejected the abstract submitted by 'rit2013063",
			"link": "",
			"status": "U",
			"date": "2017-03-24T14:17:45.148Z"
		}
	},
	{
		"model": "app.notifications",
		"pk": 86,
		"fields": {
			"sender": "pavan",
			"receiver": "rit2013063",
			"message": "pavan had rejected the abstract submitted \nFeedback: nlnl",
			"link": "",
			"status": "U",
			"date": "2017-03-24T14:17:45.226Z"
		}
	},
	{
		"model": "app.notifications",
		"pk": 87,
		"fields": {
			"sender": "pavan",
			"receiver": "pavan",
			"message": "pavan had rejected the abstract submitted by 'rit2013063",
			"link": "",
			"status": "R",
			"date": "2017-03-26T11:20:01.278Z"
		}
	},
	{
		"model": "app.notifications",
		"pk": 88,
		"fields": {
			"sender": "pavan",
			"receiver": "rahul",
			"message": "pavan had rejected the abstract submitted by 'rit2013063",
			"link": "",
			"status": "U",
			"date": "2017-03-24T14:22:57.637Z"
		}
	},
	{
		"model": "app.notifications",
		"pk": 89,
		"fields": {
			"sender": "pavan",
			"receiver": "ranjana",
			"message": "pavan had rejected the abstract submitted by 'rit2013063",
			"link": "",
			"status": "U",
			"date": "2017-03-24T14:22:57.684Z"
		}
	},
	{
		"model": "app.notifications",
		"pk": 90,
		"fields": {
			"sender": "pavan",
			"receiver": "rit2013063",
			"message": "pavan had rejected the abstract submitted \nFeedback: jkjnln",
			"link": "",
			"status": "R",
			"date": "2017-03-27T11:12:52.954Z"
		}
	},
	{
		"model": "app.notifications",
		"pk": 91,
		"fields": {
			"sender": "naruto",
			"receiver": "pavan",
			"message": "Referee Naruto Uzumaki has rejected to evaluate the PhD with title GPS Clustering. Referee has given the following feedback - adsadasdas",
			"link": "",
			"status": "R",
			"date": "2017-03-26T11:20:01.344Z"
		}
	},
	{
		"model": "app.notifications",
		"pk": 92,
		"fields": {
			"sender": "naruto",
			"receiver": "rahul",
			"message": "Referee Naruto Uzumaki has rejected to evaluate the PhD with title GPS Clustering. Referee has given the following feedback - adsadasdas",
			"link": "",
			"status": "U",
			"date": "2017-03-26T11:18:50.321Z"
		}
	},
	{
		"model": "app.notifications",
		"pk": 93,
		"fields": {
			"sender": "naruto",
			"receiver": "ranjana",
			"message": "Referee Naruto Uzumaki has rejected to evaluate the PhD with title GPS Clustering. Referee has given the following feedback - adsadasdas",
			"link": "",
			"status": "U",
			"date": "2017-03-26T11:18:50.365Z"
		}
	},
	{
		"model": "app.notifications",
		"pk": 94,
		"fields": {
			"sender": "naruto",
			"receiver": "pavan",
			"message": "Referee Naruto Uzumaki has approved to evaluate the PhD with title GPS Clustering. Referee has given the following feedback - adsadasdas",
			"link": "",
			"status": "R",
			"date": "2017-03-26T11:20:01.401Z"
		}
	},
	{
		"model": "app.notifications",
		"pk": 95,
		"fields": {
			"sender": "naruto",
			"receiver": "rahul",
			"message": "Referee Naruto Uzumaki has approved to evaluate the PhD with title GPS Clustering. Referee has given the following feedback - adsadasdas",
			"link": "",
			"status": "U",
			"date": "2017-03-26T11:19:47.699Z"
		}
	},
	{
		"model": "app.notifications",
		"pk": 96,
		"fields": {
			"sender": "naruto",
			"receiver": "ranjana",
			"message": "Referee Naruto Uzumaki has approved to evaluate the PhD with title GPS Clustering. Referee has given the following feedback - adsadasdas",
			"link": "",
			"status": "U",
			"date": "2017-03-26T11:19:47.743Z"
		}
	},
	{
		"model": "app.notifications",
		"pk": 97,
		"fields": {
			"sender": "naruto",
			"receiver": "pavan",
			"message": "Referee Naruto Uzumaki has approved to evaluate the PhD with title GPS Clustering. Referee has given the following feedback - vdzvdzv",
			"link": "",
			"status": "U",
			"date": "2017-03-26T11:28:14.927Z"
		}
	},
	{
		"model": "app.notifications",
		"pk": 98,
		"fields": {
			"sender": "naruto",
			"receiver": "rahul",
			"message": "Referee Naruto Uzumaki has approved to evaluate the PhD with title GPS Clustering. Referee has given the following feedback - vdzvdzv",
			"link": "",
			"status": "U",
			"date": "2017-03-26T11:28:14.971Z"
		}
	},
	{
		"model": "app.notifications",
		"pk": 99,
		"fields": {
			"sender": "naruto",
			"receiver": "ranjana",
			"message": "Referee Naruto Uzumaki has approved to evaluate the PhD with title GPS Clustering. Referee has given the following feedback - vdzvdzv",
			"link": "",
			"status": "U",
			"date": "2017-03-26T11:28:15.014Z"
		}
	},
	{
		"model": "app.notifications",
		"pk": 100,
		"fields": {
			"sender": "naruto",
			"receiver": "pavan",
			"message": "Referee Naruto Uzumaki has approved to evaluate the PhD with title GPS Clustering. Referee has given the following feedback - aasdasdas",
			"link": "",
			"status": "U",
			"date": "2017-03-26T11:29:40.457Z"
		}
	},
	{
		"model": "app.notifications",
		"pk": 101,
		"fields": {
			"sender": "naruto",
			"receiver": "rahul",
			"message": "Referee Naruto Uzumaki has approved to evaluate the PhD with title GPS Clustering. Referee has given the following feedback - aasdasdas",
			"link": "",
			"status": "U",
			"date": "2017-03-26T11:29:40.499Z"
		}
	},
	{
		"model": "app.notifications",
		"pk": 102,
		"fields": {
			"sender": "naruto",
			"receiver": "ranjana",
			"message": "Referee Naruto Uzumaki has approved to evaluate the PhD with title GPS Clustering. Referee has given the following feedback - aasdasdas",
			"link": "",
			"status": "U",
			"date": "2017-03-26T11:29:40.573Z"
		}
	},
	{
		"model": "app.notifications",
		"pk": 103,
		"fields": {
			"sender": "naruto",
			"receiver": "pavan",
			"message": "Referee Naruto Uzumaki has rejected to evaluate the PhD with title GPS Clustering. Referee has given the following feedback - adsadasd",
			"link": "",
			"status": "U",
			"date": "2017-03-26T11:31:50.913Z"
		}
	},
	{
		"model": "app.notifications",
		"pk": 104,
		"fields": {
			"sender": "naruto",
			"receiver": "rahul",
			"message": "Referee Naruto Uzumaki has rejected to evaluate the PhD with title GPS Clustering. Referee has given the following feedback - adsadasd",
			"link": "",
			"status": "U",
			"date": "2017-03-26T11:31:50.955Z"
		}
	},
	{
		"model": "app.notifications",
		"pk": 105,
		"fields": {
			"sender": "naruto",
			"receiver": "ranjana",
			"message": "Referee Naruto Uzumaki has rejected to evaluate the PhD with title GPS Clustering. Referee has given the following feedback - adsadasd",
			"link": "",
			"status": "U",
			"date": "2017-03-26T11:31:51.013Z"
		}
	},
	{
		"model": "auth.user",
		"pk": 1,
		"fields": {
			"password": "pbkdf2_sha256$30000$1lLN0P1latXA$Q594x9JyvAt+VXVd0q+qLYkQYYY/IYOy+YtvnX4k3ak=",
			"last_login": "2017-03-26T20:00:57.023Z",
			"is_superuser": true,
			"username": "vamsi",
			"first_name": "",
			"last_name": "",
			"email": "vamsisangam@live.com",
			"is_staff": true,
			"is_active": true,
			"date_joined": "2017-03-17T15:18:45.782Z",
			"groups": [],
			"user_permissions": []
		}
	},
	{
		"model": "auth.user",
		"pk": 2,
		"fields": {
			"password": "pbkdf2_sha256$30000$Lrx1Xw4FjvdO$5sEk6stcGlz88sOoB9ubrVMO5m2fID7bqIJifrP/iwA=",
			"last_login": "2017-03-27T16:12:03.328Z",
			"is_superuser": false,
			"username": "rit2013063",
			"first_name": "",
			"last_name": "",
			"email": "",
			"is_staff": false,
			"is_active": true,
			"date_joined": "2017-03-18T08:00:07.003Z",
			"groups": [],
			"user_permissions": []
		}
	},
	{
		"model": "auth.user",
		"pk": 3,
		"fields": {
			"password": "pbkdf2_sha256$30000$MbDi7MmuLsVb$1BAMi0HJ8PmuitIVd4n2R8QdQwwvrFA5kYl7Z10B0cI=",
			"last_login": "2017-03-27T12:19:34.026Z",
			"is_superuser": false,
			"username": "pavan",
			"first_name": "",
			"last_name": "",
			"email": "",
			"is_staff": false,
			"is_active": true,
			"date_joined": "2017-03-18T10:15:09.958Z",
			"groups": [],
			"user_permissions": []
		}
	},
	{
		"model": "auth.user",
		"pk": 5,
		"fields": {
			"password": "pbkdf2_sha256$30000$0DiTTnq8pnrT$X8S3g38f7K8yg81FfjGFcvysLXSBbJkZYDI9MY0AaSA=",
			"last_login": "2017-03-27T12:19:14.942Z",
			"is_superuser": false,
			"username": "rahul",
			"first_name": "",
			"last_name": "",
			"email": "",
			"is_staff": false,
			"is_active": true,
			"date_joined": "2017-03-21T19:24:05.854Z",
			"groups": [],
			"user_permissions": []
		}
	},
	{
		"model": "auth.user",
		"pk": 6,
		"fields": {
			"password": "pbkdf2_sha256$30000$WbQNFidQsGOG$DezCOSq32/1ORNqbnrUkj8nNutKjuTUZ9dlWG6UlXrg=",
			"last_login": "2017-03-23T18:51:26.351Z",
			"is_superuser": false,
			"username": "rit2013038",
			"first_name": "",
			"last_name": "",
			"email": "",
			"is_staff": false,
			"is_active": true,
			"date_joined": "2017-03-22T13:01:03.694Z",
			"groups": [],
			"user_permissions": []
		}
	},
	{
		"model": "auth.user",
		"pk": 7,
		"fields": {
			"password": "pbkdf2_sha256$30000$TqyJOgwVWZYg$0Q+HHafbAD6eFiHhwxzc3RUnrQO+SG3ftaNNSoU14Fs=",
			"last_login": null,
			"is_superuser": false,
			"username": "rit2013003",
			"first_name": "",
			"last_name": "",
			"email": "",
			"is_staff": false,
			"is_active": true,
			"date_joined": "2017-03-22T13:01:17.769Z",
			"groups": [],
			"user_permissions": []
		}
	},
	{
		"model": "auth.user",
		"pk": 8,
		"fields": {
			"password": "pbkdf2_sha256$30000$iIJ7rguhZmwr$LVaAqbK7Uw4LXG2OazjhwcPCQwQqy3mFjmv4BU6ALCA=",
			"last_login": null,
			"is_superuser": false,
			"username": "ranjana",
			"first_name": "",
			"last_name": "",
			"email": "",
			"is_staff": false,
			"is_active": true,
			"date_joined": "2017-03-22T13:01:37.847Z",
			"groups": [],
			"user_permissions": []
		}
	},
	{
		"model": "auth.user",
		"pk": 9,
		"fields": {
			"password": "pbkdf2_sha256$30000$fmtCwuVDwRma$mmgYtv33pMVhs9zn21Q49hWrF7V6jP5jrQVa8yZ9ELE=",
			"last_login": null,
			"is_superuser": false,
			"username": "vkc",
			"first_name": "",
			"last_name": "",
			"email": "",
			"is_staff": false,
			"is_active": true,
			"date_joined": "2017-03-22T13:01:51.304Z",
			"groups": [],
			"user_permissions": []
		}
	},
	{
		"model": "auth.user",
		"pk": 10,
		"fields": {
			"password": "pbkdf2_sha256$30000$vxdwuS5OIaRg$hKnyDcsq08WTdnr2f47QG9UyUv0jq1Ki+JVtKKzpK2g=",
			"last_login": "2017-03-27T12:13:12.265Z",
			"is_superuser": false,
			"username": "gcnandi",
			"first_name": "",
			"last_name": "",
			"email": "",
			"is_staff": false,
			"is_active": true,
			"date_joined": "2017-03-22T13:02:05.266Z",
			"groups": [],
			"user_permissions": []
		}
	},
	{
		"model": "auth.user",
		"pk": 11,
		"fields": {
			"password": "pbkdf2_sha256$30000$cWyn86ZvWEP5$C1H8pEUZjyk2Hmp5WoZbmrBDVbS6kMUrCArCY4/9dMI=",
			"last_login": null,
			"is_superuser": false,
			"username": "ching",
			"first_name": "",
			"last_name": "",
			"email": "",
			"is_staff": false,
			"is_active": true,
			"date_joined": "2017-03-22T13:02:21.537Z",
			"groups": [],
			"user_permissions": []
		}
	},
	{
		"model": "auth.user",
		"pk": 12,
		"fields": {
			"password": "pbkdf2_sha256$30000$lXaSprno3OEg$pE57z2gWXIBedk5FN8ha4QRA/1SGWF2EL0j0MMgiYa0=",
			"last_login": "2017-03-27T12:16:21.142Z",
			"is_superuser": false,
			"username": "naruto",
			"first_name": "",
			"last_name": "",
			"email": "",
			"is_staff": false,
			"is_active": true,
			"date_joined": "2017-03-24T15:02:35.111Z",
			"groups": [],
			"user_permissions": []
		}
	},
	{
		"model": "auth.user",
		"pk": 13,
		"fields": {
			"password": "pbkdf2_sha256$30000$66I0SYPvRche$lFBFmLF4AlwleiCJxZmWJRdQkSyWaIDReDmvR3VeDyg=",
			"last_login": null,
			"is_superuser": false,
			"username": "ichigo",
			"first_name": "",
			"last_name": "",
			"email": "",
			"is_staff": false,
			"is_active": true,
			"date_joined": "2017-03-24T15:02:50.689Z",
			"groups": [],
			"user_permissions": []
		}
	},
	{
		"model": "auth.user",
		"pk": 14,
		"fields": {
			"password": "pbkdf2_sha256$30000$rL8RYs2KZXA2$HcOJdFb/iAbjehJs4mXATgRm/37ItiuvTGVvLLpSVKU=",
			"last_login": null,
			"is_superuser": false,
			"username": "basu",
			"first_name": "",
			"last_name": "",
			"email": "",
			"is_staff": false,
			"is_active": true,
			"date_joined": "2017-03-24T15:08:03.859Z",
			"groups": [],
			"user_permissions": []
		}
	}
]